Drug_ID,Drug,Y,Predicted_Class,Prob_Class_0,Prob_Class_1,Units
mevastatin,CC[C@H](C)C(=O)O[C@H]1CCC=C2C=C[C@H](C)[C@H](CC[C@@H]3C[C@@H](O)CC(=O)O3)[C@H]21,1,1.0,0.06154310703277588,0.9384568929672241,-
anseculin,COc1cc2oc(=O)c(C)c(C)c2cc1OCCCN1CCN(c2ccccc2OC)CC1,1,1.0,0.03318798542022705,0.966812014579773,-
moxalactam,CO[C@@]1(NC(=O)C(C(=O)O)c2ccc(O)cc2)C(=O)N2C(C(=O)O)=C(CSc3nnnn3C)CO[C@@H]21,0,0.0,0.9061464667320251,0.09385352581739426,-
taclamine,c1ccc2c(c1)CCc1cccc3c1C2CN1CCCCC31,1,1.0,0.009146630764007568,0.9908533692359924,-
indriline,CN(C)CCC1(c2ccccc2)C=Cc2ccccc21,1,1.0,0.004449129104614258,0.9955508708953857,-
prednicarbate,CCOC(=O)O[C@]1(C(=O)COC(=O)CC)CC[C@H]2[C@@H]3CCC4=CC(=O)C=C[C@]4(C)[C@H]3[C@@H](O)C[C@@]21C,1,1.0,0.020573139190673828,0.9794268608093262,-
fenmetramide,CC1NC(=O)COC1c1ccccc1,1,1.0,0.004984080791473389,0.9950159192085266,-
Streptozotocin,CN(N=O)C(=O)N[C@H]1[C@@H](O)O[C@H](CO)[C@@H](O)[C@@H]1O,0,1.0,0.44104719161987305,0.558952808380127,-
bufenadrine,CN(C)CCOC(c1ccccc1)c1ccccc1C(C)(C)C,1,1.0,0.03783464431762695,0.962165355682373,-
napactadine,CN=C(Cc1ccc2ccccc2c1)[NH2+]C.[Cl-],1,1.0,0.06599509716033936,0.9340049028396606,-
dinazafone,C=C(C)CNCC(=O)N(C)c1ccc(Cl)cc1C(=O)c1ccccc1,1,1.0,0.01583385467529297,0.984166145324707,-
Cromoglicicacid,O=C(O)c1cc(=O)c2cc(OCC(O)COc3cccc4oc(C(=O)O)cc(=O)c34)ccc2o1,0,1.0,0.47944992780685425,0.5205500721931458,-
benactyzine,CCN(CC)CCOC(=O)C(O)(c1ccccc1)c1ccccc1.[Cl-].[H+],1,1.0,0.156202495098114,0.843797504901886,-
1-hydroxymidazolam,OCc1ncc2n1-c1ccc(Cl)cc1C(c1ccccc1F)=NC2,1,1.0,0.0033779144287109375,0.9966220855712891,-
vinylbital,C=CC1(C(C)CCC)C(=O)NC(=O)NC1=O,1,1.0,0.01786404848098755,0.9821359515190125,-
skb-g,CC[C@H](NC(=O)c1c(OCCNC(=O)Cc2ccccn2)c(-c2ccccc2)nc2ccccc12)c1ccccc1,0,0.0,0.7949545979499817,0.2050454169511795,-
cloperidone,O=c1[nH]c2ccccc2c(=O)n1CCCN1CCN(c2cccc(Cl)c2)CC1,1,1.0,0.014826774597167969,0.985173225402832,-
nomifensine,CN1Cc2c(N)cccc2C(c2ccccc2)C1,1,1.0,0.0018593072891235352,0.9981406927108765,-
dexoxadrol(dioxadrolandlevoxadrol),c1ccc(C2(c3ccccc3)OC[C@H]([C@@H]3CCCCN3)O2)cc1,1,1.0,0.02678459882736206,0.9732154011726379,-
tofenacin,CNCCOC(c1ccccc1)c1ccccc1C,1,1.0,0.005707383155822754,0.9942926168441772,-
Delavirdine,CC(C)Nc1cccnc1N1CCN(C(=O)c2cc3cc(NS(C)(=O)=O)ccc3[nH]2)CC1,0,1.0,0.4193874001502991,0.5806125998497009,-
vindesine,CC[C@]1(O)C[C@H]2CN(CCc3c([nH]c4ccccc34)[C@@](C(=O)OC)(c3cc4c(cc3OC)N(C)[C@H]3[C@@](O)(C(N)=O)[C@H](O)[C@]5(CC)C=CCN6CC[C@]43[C@@H]65)C2)C1,0,1.0,0.10464727878570557,0.8953527212142944,-
compound 43,c1cc(CN2CCCCC2)cc(OCCCNc2nccs2)c1,1,1.0,0.0262945294380188,0.9737054705619812,-
trospectomycin,CCCC[C@@H]1CC(=O)[C@]2(O)O[C@@H]3[C@@H](NC)[C@@H](O)[C@@H](NC)[C@H](O)[C@H]3O[C@@H]2O1,0,0.0,0.8051372766494751,0.19486269354820251,-
Methylprednisolone,C[C@H]1C[C@H]2[C@@H]3CC[C@](O)(C(=O)CO)[C@@]3(C)C[C@H](O)[C@@H]2[C@@]2(C)C=CC(=O)C=C12,0,1.0,0.18183857202529907,0.8181614279747009,-
Methyclothiazide,CN1C(CCl)Nc2cc(Cl)c(S(N)(=O)=O)cc2S1(=O)=O,0,0.0,0.6340445280075073,0.3659554421901703,-
stacofylline,CCN(CC)C(=O)N1CCN(CCCc2nc3c(c(=O)n(C)c(=O)n3C)n2C)CC1,1,1.0,0.05461663007736206,0.9453833699226379,-
dextrorphan,CN1CC[C@@]23CCCC[C@@H]2[C@@H]1Cc1ccc(O)cc13,1,1.0,0.0010141730308532715,0.9989858269691467,-
nomelidine,CNC/C=C(/c1ccc(Br)cc1)c1cccnc1,1,1.0,0.017323613166809082,0.9826763868331909,-
Divinylether,C=COC=C,1,1.0,0.0025673508644104004,0.9974326491355896,-
moperone,Cc1ccc(C2(O)CCN(CCCC(=O)c3ccc(F)cc3)CC2)cc1,1,1.0,0.027302205562591553,0.9726977944374084,-
amebucort,CCCC(=O)O[C@]1(C(=O)COC(C)=O)CC[C@H]2[C@@H]3C[C@H](C)C4=CC(=O)CC[C@]4(C)[C@H]3[C@@H](O)C[C@@]21C,1,1.0,0.011125326156616211,0.9888746738433838,-
pecazine,CN1CCCC(CN2c3ccccc3Sc3ccccc32)C1,1,1.0,0.05656099319458008,0.9434390068054199,-
biotin,O=C(O)CCCCC1SCC2NC(=O)NC21,1,1.0,0.06640893220901489,0.9335910677909851,-
piperacillin,CCN1CCN(C(=O)N[C@@H](C(=O)N[C@@H]2C(=O)N3[C@@H](C(=O)O)C(C)(C)S[C@H]23)c2ccccc2)C(=O)C1=O.O,1,0.0,0.982495903968811,0.017504103481769562,-
methadone(levomethadone),CCC(=O)C(CC(C)N(C)C)(c1ccccc1)c1ccccc1,1,1.0,0.018965840339660645,0.9810341596603394,-
111-trichloroethane,CC(Cl)(Cl)Cl,1,1.0,0.002398192882537842,0.9976018071174622,-
prednisolone-tebutate,CC(C)(C)CC(=O)OCC(=O)[C@@]1(O)CC[C@H]2[C@@H]3CCC4=CC(=O)C=C[C@]4(C)[C@H]3[C@@H](O)C[C@@]21C,1,1.0,0.008391082286834717,0.9916089177131653,-
mephobarbital(methylphenobarbital),CCC1(c2ccccc2)C(=O)NC(=O)N(C)C1=O,1,1.0,0.013590037822723389,0.9864099621772766,-
methyldopa,C[C@](N)(Cc1ccc(O)c(O)c1)C(=O)O,0,0.0,0.6180886030197144,0.38191136717796326,-
compound 36,CN(C)Cc1ccc(CSCCNc2[nH]cc(Cc3ccccc3)c2[N+](=O)[O-])o1,1,0.0,0.8480740189552307,0.1519259810447693,-
ceftezole,O=C(Cn1cnnn1)N[C@@H]1C(=O)N2C(C(=O)O)=C(CSc3nncs3)CS[C@H]12,0,0.0,0.9658954739570618,0.03410452604293823,-
cefuracetime,CO/N=C(\C(=O)N[C@@H]1C(=O)N2C(C(=O)O)=C(COC(C)=O)CS[C@H]12)c1ccco1,0,0.0,0.8213415741920471,0.1786584109067917,-
binedaline,CN(C)CCN(C)n1cc(-c2ccccc2)c2ccccc21,1,1.0,0.0049825310707092285,0.9950174689292908,-
hexapradol,CCCCCC(N)C(O)(c1ccccc1)c1ccccc1,1,1.0,0.07931232452392578,0.9206876754760742,-
thebacon,COc1ccc2c3c1OC1C(OC(C)=O)=CCC4C(C2)N(C)CCC314,1,1.0,0.003026127815246582,0.9969738721847534,-
tolbutamide,CCCCNC(=O)NS(=O)(=O)c1ccc(C)cc1,0,1.0,0.4800085425376892,0.5199914574623108,-
fropenem,C[C@@H](O)[C@H]1C(=O)N2C(C(=O)O)=C([C@H]3CCCO3)S[C@H]12,0,0.0,0.8278012275695801,0.17219874262809753,-
robalzotan,NC(=O)c1ccc(F)c2c1C[C@@H](N(C1CCC1)C1CCC1)CO2,1,1.0,0.016544580459594727,0.9834554195404053,-
etasuline,CCNC1=Nc2ccc(Cl)cc2C(c2ccccc2)S1,1,1.0,0.006111502647399902,0.9938884973526001,-
buramate,O=C(NCc1ccccc1)OCCO,1,1.0,0.15190470218658447,0.8480952978134155,-
neodicoumarol,CCOC(=O)C(c1c(O)oc2ccccc2c1=O)c1c(O)oc2ccccc2c1=O,0,0.0,0.8195444941520691,0.18045549094676971,-
penthrichloral,OCC1(CO)COC(C(Cl)(Cl)Cl)OC1,1,1.0,0.02982807159423828,0.9701719284057617,-
detomidine,Cc1cccc(Cc2cnc[nH]2)c1C,1,1.0,0.02423018217086792,0.9757698178291321,-
methocarbamol,COc1ccccc1OCC(O)COC(N)=O,1,1.0,0.08116346597671509,0.9188365340232849,-
sarpicillin,COCOC(=O)[C@@H]1N2C(=O)[C@@H](N3C(=O)C(c4ccccc4)NC3(C)C)[C@H]2SC1(C)C,0,0.0,0.9337486624717712,0.06625135242938995,-
moclobemide,O=C(NCCN1CCOCC1)c1ccc(Cl)cc1,1,1.0,0.005743563175201416,0.9942564368247986,-
dioxamate,CCCCCCCCCC1(C)OCC(COC(N)=O)O1,1,1.0,0.022549211978912354,0.9774507880210876,-
talopram,CNCCCC1(c2ccccc2)OC(C)(C)c2ccccc21,1,1.0,0.01299065351486206,0.9870093464851379,-
phenacetin,CCOc1ccc(NC(C)=O)cc1,0,1.0,0.041902780532836914,0.9580972194671631,-
ropinirole,CCCN(CCC)CCc1cccc2c1CC(=O)N2,1,1.0,0.008862078189849854,0.9911379218101501,-
piritramide,N#CC(CCN1CCC(C(N)=O)(N2CCCCC2)CC1)(c1ccccc1)c1ccccc1,1,1.0,0.00700688362121582,0.9929931163787842,-
flurithromycin,CC[C@H]1OC(=O)[C@H](C)[C@@H](O[C@H]2C[C@@](C)(OC)[C@@H](O)[C@H](C)O2)[C@H](C)[C@@H](O[C@@H]2O[C@H](C)C[C@H](N(C)C)[C@H]2O)[C@](C)(O)C[C@](C)(F)C(=O)[C@H](C)[C@@H](O)[C@]1(C)O,0,0.0,0.9633350372314453,0.03666495159268379,-
skb_c,CC[C@H](NC(=O)c1c(OCCCN(C)C)c(-c2ccccc2)nc2ccccc12)c1ccccc1,1,0.0,0.5003749132156372,0.4996250569820404,-
2,Cc1csc(N=C(N)N)n1,1,1.0,0.1568281650543213,0.8431718349456787,-
amphetamine,CC(N)Cc1ccccc1,1,1.0,0.03640192747116089,0.9635980725288391,-
linopirdine,O=C1N(c2ccccc2)c2ccccc2C1(Cc1ccncc1)Cc1ccncc1,1,1.0,0.03481554985046387,0.9651844501495361,-
thiamylal,C=CCC1(C(C)CCC)C(=O)NC(=S)NC1=O,1,1.0,0.013924658298492432,0.9860753417015076,-
prednisolone-hemisuccinate,C[C@]12C[C@H](O)[C@H]3[C@@H](CCC4=CC(=O)C=C[C@@]43C)[C@@H]1CC[C@]2(O)C(=O)COC(=O)CCC(=O)[O-].[Na+],1,1.0,0.0451662540435791,0.9548337459564209,-
ethylene(ethene),CCCl,1,1.0,0.0014955997467041016,0.9985044002532959,-
oximonam,CO/N=C(\C(=O)NC1C(=O)N(OCC(=O)O)[C@H]1C)c1csc(N)n1,0,0.0,0.9220418334007263,0.07795818150043488,-
pheniramine,CN(C)CCC(c1ccccc1)c1ccccn1,0,1.0,0.010373950004577637,0.9896260499954224,-
prazitone,O=C1NC(=O)C(CC2CCCCN2)(c2ccccc2)C(=O)N1,1,1.0,0.15886664390563965,0.8411333560943604,-
amineptine,O=C(O)CCCCCC[NH2+]C1c2ccccc2CCc2ccccc21.[Cl-],1,1.0,0.1241803765296936,0.8758196234703064,-
mequitazine,c1ccc2c(c1)Sc1ccccc1N2CC1CN2CCC1CC2,1,1.0,0.24312686920166016,0.7568731307983398,-
sunepitron,O=C1CCC(=O)N1CC1CCC2CN(c3ncccn3)CCN2C1,1,1.0,0.03800511360168457,0.9619948863983154,-
atropine,CN1C2CCC1CC(OC(=O)C(CO)c1ccccc1)C2,0,1.0,0.1287456750869751,0.8712543249130249,-
epinephrine,CNC[C@H](O)c1ccc(O)c(O)c1,0,0.0,0.965391993522644,0.03460802882909775,-
adatanserin,O=C(NCCN1CCN(c2ncccn2)CC1)C12CC3CC(CC(C3)C1)C2,1,1.0,0.015044152736663818,0.9849558472633362,-
citatepine,CN1CCC2=C(CC1)c1cc(C#N)ccc1Sc1ccccc12,1,1.0,0.008296370506286621,0.9917036294937134,-
zetidoline,CC1(C)CN(CCN2CCN(c3cccc(Cl)c3)C2=O)C1,1,1.0,0.0010781288146972656,0.9989218711853027,-
pyritinol,Cc1ncc(CSSCc2cnc(C)c(O)c2CO)c(CO)c1O,1,0.0,0.6062188148498535,0.3937811553478241,-
cyclarbamate,O=C(Nc1ccccc1)OCC1(COC(=O)Nc2ccccc2)CCCC1,1,1.0,0.18578225374221802,0.814217746257782,-
Ebastine,CC(C)(C)c1ccc(C(=O)CCCN2CCC(OC(c3ccccc3)c3ccccc3)CC2)cc1,0,1.0,0.4160619378089905,0.5839380621910095,-
mefexamide,CCN(CC)CCNC(=O)COc1ccc(OC)cc1.[Cl-].[H+],1,1.0,0.19724684953689575,0.8027531504631042,-
phenazopyridine,Nc1ccc(N=Nc2ccccc2)c(N)n1,0,1.0,0.18237817287445068,0.8176218271255493,-
cabergoline,C=CCN1C[C@H](C(=O)N(CCCN(C)C)C(=O)NCC)C[C@@H]2c3cccc4[nH]cc(c34)C[C@H]21,1,1.0,0.035805344581604004,0.964194655418396,-
daledalin,CNCCCC1(C)CN(c2ccccc2)c2ccccc21,1,1.0,0.00527644157409668,0.9947235584259033,-
tazomeline,CCCCCCSc1nsnc1C1=CCCN(C)C1,1,1.0,0.00417935848236084,0.9958206415176392,-
chlordiazepoxide,CN=C1CN(O)C(c2ccccc2)=c2cc(Cl)ccc2=N1,1,1.0,0.03561103343963623,0.9643889665603638,-
Cyclohexane,C1CCCCC1,1,1.0,0.0022639036178588867,0.9977360963821411,-
trifluoperazine,CN1CCN(CCCN2c3ccccc3Sc3ccc(C(F)(F)F)cc32)CC1,1,1.0,0.0015144944190979004,0.9984855055809021,-
valganciclovir(RS790702),CC(C)[C@H](N)C(=O)OCC(CO)OCn1cnc2c(=O)nc(N)[nH]c21,1,1.0,0.20083695650100708,0.7991630434989929,-
clidafidine,Clc1cccc(Cl)c1NC1=NCCO1,1,1.0,0.012199163436889648,0.9878008365631104,-
tamolarizine,COc1ccc(C(O)CN2CCN(C(c3ccccc3)c3ccccc3)CC2)cc1OC,1,1.0,0.09021973609924316,0.9097802639007568,-
bentiamine,C/C(=C(\CCOC(=O)c1ccccc1)SC(=O)c1ccccc1)N(C=O)Cc1cnc(C)nc1N,1,1.0,0.04416626691818237,0.9558337330818176,-
gamfexine,CN(C)CCC(c1ccccc1)C1CCCCC1,1,1.0,0.02693629264831543,0.9730637073516846,-
erythromycin,CC[C@H]1OC(=O)[C@H](C)[C@@H](O[C@H]2C[C@@](C)(OC)[C@@H](O)[C@H](C)O2)[C@H](C)[C@@H](O[C@@H]2O[C@H](C)C[C@H](N(C)C)[C@H]2O)[C@](C)(O)C[C@@H](C)C(=O)[C@H](C)[C@@H](O)[C@]1(C)O,0,0.0,0.9878422617912292,0.012157713994383812,-
benfotiamine,C/C(=C(\CCOP(=O)(O)O)SC(=O)c1ccccc1)N(C=O)Cc1cnc(C)nc1N,1,1.0,0.06499612331390381,0.9350038766860962,-
tefludazine,OCCN1CCN([C@@H]2C[C@@H](c3ccc(F)cc3)c3ccc(C(F)(F)F)cc32)CC1,1,1.0,0.0003972649574279785,0.999602735042572,-
allopurinol,O=c1ncnc2[nH][nH]cc1-2,0,1.0,0.05659610033035278,0.9434038996696472,-
lofendazam,O=C1CCNc2ccc(Cl)cc2N1c1ccccc1,1,1.0,0.006765305995941162,0.9932346940040588,-
butikacin,NCCC(O)CNC1CC(N)C(OC2OC(CN)C(O)C(O)C2O)C(O)C1OC1OC(CO)C(O)C(N)C1O,0,1.0,0.46336233615875244,0.5366376638412476,-
Thiopental,CCCC(C)C1(CC)C(=O)NC(=S)NC1=O,0,1.0,0.016817986965179443,0.9831820130348206,-
melphalan,NC(Cc1ccc(N(CCCl)CCCl)cc1)C(=O)O,0,1.0,0.248651921749115,0.751348078250885,-
bervastatin,CCOC(=O)C[C@@H](O)C[C@@H](O)/C=C/C1=C(c2ccc(F)cc2)c2ccccc2OC12CCCC2,1,1.0,0.012600183486938477,0.9873998165130615,-
mecloralurea,CNC(=O)NC(O)C(Cl)(Cl)Cl,1,1.0,0.11892032623291016,0.8810796737670898,-
adriamycinol-aglycone,COc1cccc2c1C(=O)c1c(O)c3c(c(O)c1C2=O)CC(O)(C(=O)CO)CC3O,0,0.0,0.8047863245010376,0.1952137053012848,-
meclonazepam,C[C@@H]1N=C(c2ccccc2Cl)c2cc([N+](=O)[O-])ccc2NC1=O,1,1.0,0.044913291931152344,0.9550867080688477,-
26,OCCCOc1cccc(CN2CCCCC2)c1,1,1.0,0.009738504886627197,0.9902614951133728,-
trifluperidol,O=C(CCCN1CCC(O)(c2cccc(C(F)(F)F)c2)CC1)c1ccc(F)cc1,1,1.0,0.004319667816162109,0.9956803321838379,-
quinupramine,c1ccc2c(c1)CCc1ccccc1N2C1CN2CCC1CC2,1,1.0,0.02833855152130127,0.9716614484786987,-
chlorthenoxazine,O=C1NC(CCCl)Oc2ccccc21,1,1.0,0.027287781238555908,0.9727122187614441,-
icometasone-enbutate,CCCC(=O)O[C@]1(C(=O)COC(C)=O)[C@H](C)C[C@H]2[C@@H]3CCC4=CC(=O)C=C[C@]4(C)[C@@]3(Cl)[C@@H](O)C[C@@]21C,1,1.0,0.010847806930541992,0.989152193069458,-
metaclazepam,COCC1CN=C(c2ccccc2Cl)c2cc(Br)ccc2N1C,1,1.0,0.003636658191680908,0.9963633418083191,-
Spironolactone,CC(=O)S[C@@H]1CC2=CC(=O)CC[C@]2(C)[C@H]2CC[C@@]3(C)[C@@H](CC[C@@]34CCC(=O)O4)[C@@H]21,0,1.0,0.12738096714019775,0.8726190328598022,-
metoserpate,COC(=O)C1C2CC3c4[nH]c5cc(OC)ccc5c4CCN3CC2CC(OC)C1OC,1,1.0,0.05253797769546509,0.9474620223045349,-
fluocortolone-caproate,CCCCCC(=O)OCC(=O)C1C(C)CC2C3CC(F)C4=CC(=O)C=CC4(C)C3C(O)CC21C,1,1.0,0.004000544548034668,0.9959994554519653,-
chlorobutanol,CCCC(O)Cl,1,1.0,0.003267526626586914,0.9967324733734131,-
diflucortolone,C[C@@H]1CC2C3C[C@H](F)C4=CC(=O)C=CC4(C)[C@@]3(F)C(O)CC2(C)C1C(=O)CO,1,1.0,0.0071184635162353516,0.9928815364837646,-
triclonide,CC1(C)O[C@@H]2C[C@H]3C4C[C@H](F)C5=CC(=O)C=CC5(C)[C@@]4(Cl)[C@@H](Cl)CC3(C)[C@]2(C(=O)CCl)O1,1,1.0,0.01875549554824829,0.9812445044517517,-
dipyridamole,OCCN(CCO)c1nc(N2CCCCC2)c2nc(N(CCO)CCO)nc(N3CCCCC3)c2n1,0,1.0,0.2424498200416565,0.7575501799583435,-
carbidopa,C[C@@](Cc1ccc(O)c(O)c1)(NN)C(=O)O,0,0.0,0.7027428150177002,0.2972572147846222,-
nicardipine,COC(=O)C1=C(C)NC(C)=C(C(=O)OCCN(C)Cc2ccccc2)C1c1cccc([N+](=O)[O-])c1,0,0.0,0.7053567171096802,0.2946432828903198,-
isoniazid,NNC(=O)c1ccncc1,0,1.0,0.08626478910446167,0.9137352108955383,-
GR94839_I,CC(=O)N1CCN(C(=O)Cc2ccc([S@@](C)=O)cc2)[C@@H](CN2CC[C@H](O)C2)C1,0,0.0,0.9665601849555969,0.03343980014324188,-
cathinone,C[C@H](N)C(=O)c1ccccc1,1,1.0,0.0432094931602478,0.9567905068397522,-
panamesine,COc1ccc(N2C[C@H](CN3CCC(O)(c4ccc5c(c4)OCO5)CC3)OC2=O)cc1,1,1.0,0.029417693614959717,0.9705823063850403,-
nabazenil,CCCCCC(C)C(C)c1cc(OC(=O)CCCN2CCCCCC2)c2c(c1)OC(C)(C)C1=C2CC(C)CC1,1,1.0,0.1761404275894165,0.8238595724105835,-
methitural,CCCC(C)C1(CCSC)C(=O)NC(=S)NC1=O,1,1.0,0.07215458154678345,0.9278454184532166,-
Sulforidazine,CN1CCCCC1CCN1c2ccccc2Sc2ccc(S(C)(=O)=O)cc21,1,1.0,0.007314801216125488,0.9926851987838745,-
enoxacin,CCn1cc(C(=O)O)c(=O)c2cc(F)c(N3CCNCC3)nc21,0,0.0,0.7505855560302734,0.24941441416740417,-
fluanisone,COc1ccccc1N1CCN(CCCC(=O)c2ccc(F)cc2)CC1,1,1.0,0.003556668758392334,0.9964433312416077,-
roletamide,COc1cc(C(=O)/C=C/N2CC=CC2)cc(OC)c1OC,1,1.0,0.022778749465942383,0.9772212505340576,-
mezepine,CNCCCN1Cc2ccccc2Cc2ccccc21,1,1.0,0.0009267330169677734,0.9990732669830322,-
tametraline,CNC1CCC(c2ccccc2)c2ccccc21,1,1.0,0.010510265827178955,0.989489734172821,-
tracazolate,CCCCNc1c(C(=O)OCC)c(C)nc2c1cnn2CC,1,1.0,0.07404959201812744,0.9259504079818726,-
fludiazepam,CN1C(=O)CN=C(c2ccccc2F)c2cc(Cl)ccc21,1,1.0,0.0006344914436340332,0.999365508556366,-
etiracetam(levetiracetam),CCC(C(N)=O)N1CCCC1=O,1,1.0,0.030116677284240723,0.9698833227157593,-
Teflurane,FC(Br)C(F)(F)F,1,1.0,0.010274112224578857,0.9897258877754211,-
flupimazine,OCCOC1CCN(CCCN2c3ccccc3Sc3ccc(C(F)(F)F)cc32)CC1,1,1.0,0.007245123386383057,0.9927548766136169,-
Toluene,Cc1ccccc1,1,1.0,0.010409295558929443,0.9895907044410706,-
roxithromycin,CC[C@H]1OC(=O)[C@H](C)[C@@H](O[C@H]2C[C@@](C)(OC)[C@@H](O)[C@H](C)O2)[C@H](C)[C@@H](O[C@@H]2O[C@H](C)C[C@H](N(C)C)[C@H]2O)[C@](C)(O)C[C@@H](C)/C(=N/OCOCCOC)[C@H](C)[C@@H](O)[C@]1(C)O,0,0.0,0.9793426394462585,0.020657340064644814,-
mefeclorazine,COc1ccc(CCN2CCN(c3cccc(Cl)c3)CC2)cc1OC,1,1.0,0.0027521252632141113,0.9972478747367859,-
gaboxadol,O=c1[nH]oc2c1CCNC2,1,1.0,0.013820350170135498,0.9861796498298645,-
flomoxef,CO[C@@]1(NC(=O)CSC(F)(F)F)C(=O)N2C(C(=O)O)=C(CSc3nnnn3CCO)CO[C@@H]21.[Na],0,0.0,0.5650604963302612,0.4349394738674164,-
sulbenicillin,CC1(C)S[C@@H]2[C@H](NC(=O)C(c3ccccc3)S(=O)(=O)O)C(=O)N2[C@H]1C(=O)O,0,0.0,0.9967032670974731,0.003296717070043087,-
butorphanol,Oc1ccc2c(c1)[C@@]13CCCC[C@@]1(O)[C@@H](C2)N(CC1CCC1)CC3,1,1.0,0.018281280994415283,0.9817187190055847,-
pidolacetamol,CC(=O)Nc1ccc(OC(=O)[C@@H]2CCC(=O)N2)cc1,1,1.0,0.16236531734466553,0.8376346826553345,-
methopromazine,COc1ccc2c(c1)N(CCCN(C)C)c1ccccc1S2,1,1.0,0.004451751708984375,0.9955482482910156,-
eclanamine,CCC(=O)N(c1ccc(Cl)c(Cl)c1)[C@@H]1CCC[C@H]1N(C)C,1,1.0,0.01306462287902832,0.9869353771209717,-
spiperone,O=C(CCCN1CCC2(CC1)C(=O)NCN2c1ccccc1)c1ccc(F)cc1,1,1.0,0.0027391910552978516,0.9972608089447021,-
Etoposide,COc1cc([C@@H]2c3cc4c(cc3[C@@H](O[C@@H]3O[C@@H]5CO[C@@H](C)O[C@H]5[C@H](O)[C@H]3O)C3COC(=O)[C@@H]32)OCO4)cc(OC)c1O,0,0.0,0.8811726570129395,0.11882735043764114,-
alpiropride,C=CCN1CCCC1CNC(=O)c1cc(S(=O)(=O)NC)c(N)cc1OC,1,1.0,0.06257665157318115,0.9374233484268188,-
Ticarcillin,CC1(C)S[C@@H]2[C@H](NC(=O)[C@H](C(=O)[O-])c3ccsc3)C(=O)N2[C@H]1C(=O)[O-].[Na+].[Na+],1,0.0,0.9848008751869202,0.015199116431176662,-
betamethasone-valerate,CCC(=O)OCC(=O)[C@@]1(OC(=O)CC)[C@@H](C)C[C@H]2[C@@H]3CCC4=CC(=O)C=C[C@]4(C)[C@@]3(F)[C@@H](O)C[C@@]21C,1,1.0,0.007900357246398926,0.9920996427536011,-
piminodine,CCOC(=O)C1(c2ccccc2)CCN(CCCNc2ccccc2)CC1,1,1.0,0.014761090278625488,0.9852389097213745,-
tolboxane,CCCC1(C)COB(c2ccc(C)cc2)OC1,1,1.0,0.004866302013397217,0.9951336979866028,-
Ipratropiumbromide,CC(C)[N+]1(C)C2CCC1CC(OC(=O)C(CO)c1ccccc1)C2.[Br-],0,0.0,0.666594922542572,0.333405077457428,-
fluprednisolone-valerate,CCCCC(=O)O[C@]1(C(=O)CO)CCC2C3CC(F)C4=CC(=O)C=CC4(C)C3C(O)CC21C,1,1.0,0.0025008320808410645,0.9974991679191589,-
furfenorex,CC(Cc1ccccc1)N(C)Cc1ccco1,1,1.0,0.011668145656585693,0.9883318543434143,-
prednival,CCCCC(=O)OC1(C(=O)CO)CCC2C3CCC4=CC(=O)C=CC4(C)C3C(O)CC21C,1,1.0,0.009745895862579346,0.9902541041374207,-
clopenthixol/zuclopenthixol,OCCN1CCN(CC/C=C2/c3ccccc3Sc3ccc(Cl)cc32)CC1,1,1.0,0.0013316869735717773,0.9986683130264282,-
hopantenic-acid,CC(C)(CO)[C@@H](O)C(=O)NCCCC(=O)O,1,1.0,0.35122889280319214,0.6487711071968079,-
Nafcillin,CCOc1ccc2ccccc2c1C(=O)N[C@@H]1C(=O)N2[C@@H](C(=O)[O-])C(C)(C)S[C@H]12.[Na+],0,0.0,0.8958332538604736,0.10416677594184875,-
pipotiazine,CN(C)S(=O)(=O)c1ccc2c(c1)N(CCCN1CCC(CCO)CC1)c1ccccc1S2,1,1.0,0.020753085613250732,0.9792469143867493,-
2-propanol,CC(C)O,1,1.0,0.00930476188659668,0.9906952381134033,-
ivoqualine,C=C[C@@H]1CNCC[C@H]1CCCc1ccnc2ccc(OC)cc12,1,1.0,0.08067560195922852,0.9193243980407715,-
guanethidinesulfate,NC(N)=NCCN1CCCCCCC1,0,1.0,0.02023327350616455,0.9797667264938354,-
eqvalan,CCC(C)[C@H]1O[C@]2(CC[C@@H]1C)CC1C[C@@H](C/C=C(\C)[C@@H](O[C@H]3C[C@H](OC)[C@@H](OC4C[C@H](OC)[C@@H](O)[C@H](C)O4)[C@H](C)O3)[C@@H](C)/C=C/C=C3\CO[C@@H]4[C@H](O)C(C)=C[C@@H](C(=O)O1)[C@]34O)O2.CO[C@H]1CC(O[C@H]2[C@H](C)O[C@@H](O[C@@H]3/C(C)=C/C[C@@H]4CC(C[C@]5(CC[C@H](C)[C@@H](C(C)C)O5)O4)OC(=O)[C@@H]4C=C(C)[C@@H](O)[C@H]5OC/C(=C\C=C\[C@@H]3C)[C@@]45O)C[C@@H]2OC)O[C@@H](C)[C@@H]1O,0,0.0,0.984117865562439,0.015882151201367378,-
perphenazine-HCl,OCCN1CCN(CCCN2c3ccccc3Sc3ccc(Cl)cc32)CC1,1,1.0,0.0029691457748413086,0.9970308542251587,-
crotetamide,C/C=C/C(=O)N(CC)C(CC)C(=O)N(C)C,1,1.0,0.0080413818359375,0.9919586181640625,-
thioproperazine,CN1CCN(CCCN2c3ccccc3Sc3ccc(S(=O)(=O)N(C)C)cc32)CC1,1,1.0,0.003300011157989502,0.9966999888420105,-
acetazolamide,CC(=O)Nc1nnc(S(N)(=O)=O)s1,1,1.0,0.057634055614471436,0.9423659443855286,-
cp41,Cc1c(O)c(=O)ccn1CCCO,0,0.0,0.6220084428787231,0.37799158692359924,-
ciprofloxacin,O=C(O)c1cn(C2CC2)c2cc(N3CCNCC3)c(F)cc2c1=O,0,0.0,0.921058177947998,0.07894182950258255,-
metharbital,CCC1(CC)C(=O)NC(=O)N(C)C1=O,1,1.0,0.01590287685394287,0.9840971231460571,-
carbubarb,CCCCC1(CCOC(N)=O)C(=O)NC(=O)NC1=O,1,1.0,0.2019152045249939,0.7980847954750061,-
gacyclidine,C[C@H]1CCCC[C@@]1(c1cccs1)N1CCCCC1,1,1.0,0.01903665065765381,0.9809633493423462,-
oxycodone,COc1ccc2c3c1O[C@H]1C(=O)CC[C@@]4(O)[C@@H](C2)N(C)CC[C@]314,1,1.0,0.002851426601409912,0.9971485733985901,-
Tibolone,C#C[C@]1(O)CC[C@H]2[C@H]3[C@H](CC[C@@]21C)C1=C(CC(=O)CC1)C[C@H]3C,1,0.0,0.5199596881866455,0.4800402820110321,-
penicillin G,CC1(C)S[C@@H]2[C@H](NC(=O)Cc3ccccc3)C(=O)N2[C@H]1C(=O)O,0,0.0,0.9779232740402222,0.02207673341035843,-
valtrate,CC(=O)OCC1=CO[C@@H](OC(=O)CC(C)C)[C@H]2C1=C[C@H](OC(=O)CC(C)C)[C@]21CO1,1,1.0,0.06252938508987427,0.9374706149101257,-
danitracen,CN1CCC(=C2c3ccccc3C(O)c3ccccc32)CC1,1,1.0,0.002574026584625244,0.9974259734153748,-
skb-i,CC[C@H](NC(=O)c1c(Cn2ccnc2)c(-c2ccccc2)nc2ccccc12)c1ccccc1,0,1.0,0.1778707504272461,0.8221292495727539,-
floxuridine,O=c1[nH]c(=O)n([C@H]2C[C@H](O)[C@@H](CO)O2)cc1F,0,1.0,0.06396687030792236,0.9360331296920776,-
saripidem,CCCC(=O)N(C)Cc1c(-c2ccc(Cl)cc2)nc2ccccn12,1,1.0,0.12888216972351074,0.8711178302764893,-
panuramine,O=C(NC(=O)c1ccccc1)NC1CCN(Cc2ccc3ccccc3c2)CC1,1,1.0,0.07669246196746826,0.9233075380325317,-
Dexrazoxane,C[C@@H](CN1CC(=O)NC(=O)C1)N1CC(=O)NC(=O)C1,0,1.0,0.08718574047088623,0.9128142595291138,-
paramethasone,C[C@@H]1C[C@H]2[C@@H]3C[C@H](F)C4=CC(=O)C=C[C@]4(C)[C@H]3[C@@H](O)C[C@]2(C)[C@@]1(O)C(=O)CO,1,1.0,0.17085134983062744,0.8291486501693726,-
clindamycin-phosphate,CCC[C@@H]1C[C@@H](C(=O)NC(C(C)Cl)[C@H]2O[C@H](SC)[C@H](OP(=O)(O)O)[C@@H](O)[C@H]2O)N(C)C1,0,0.0,0.5676743984222412,0.4323256015777588,-
metaglycodol,CC(C)(O)C(C)(O)c1cccc(Cl)c1,1,1.0,0.06921619176864624,0.9307838082313538,-
pivampicillin,CC(C)(C)C(=O)OCOC(=O)[C@@H]1N2C(=O)[C@@H](NC(=O)[C@H](N)c3ccccc3)[C@H]2SC1(C)C,0,0.0,0.9786514639854431,0.021348509937524796,-
cefmetazole,CO[C@@]1(NC(=O)CSCC#N)C(=O)N2C(C(=O)O)=C(CSc3nnnn3C)CS[C@@H]21,0,0.0,0.8131270408630371,0.18687298893928528,-
Isoflurane,FC(F)OC(Cl)C(F)(F)F,1,1.0,0.00255739688873291,0.9974426031112671,-
Trichloroethylene,ClC=C(Cl)Cl,1,1.0,0.0025290250778198242,0.9974709749221802,-
valproicacid,CCCC(CCC)C(=O)O,1,1.0,0.031177163124084473,0.9688228368759155,-
clovoxamine,COCCCC/C(=N\OCCN)c1ccc(Cl)cc1,1,1.0,0.06679952144622803,0.933200478553772,-
Zalcitabine,Nc1ccn([C@H]2CC[C@@H](CO)O2)c(=O)n1,1,1.0,0.23949068784713745,0.7605093121528625,-
levoprotiline(oxaprotiline),CNC[C@H](O)CC12CCC(c3ccccc31)c1ccccc12,1,1.0,0.16430014371871948,0.8356998562812805,-
roxindole,CS(=O)(=O)O.Oc1ccc2[nH]cc(CCCCN3CC=C(c4ccccc4)CC3)c2c1,1,1.0,0.31877124309539795,0.681228756904602,-
diazepam,CN1C(=O)CN=C(c2ccccc2)c2cc(Cl)ccc21,1,1.0,0.0007284283638000488,0.9992715716362,-
Icotidine,COc1cccnc1CCCCNc1ncc(Cc2ccc(C)nc2)c(=O)[nH]1.[Cl-].[Cl-].[Cl-].[H+].[H+].[H+],0,0.0,0.8392511010169983,0.16074888408184052,-
difluprednate,CCCC(=O)O[C@]1(C(=O)COC(C)=O)CC[C@H]2[C@@H]3C[C@H](F)C4=CC(=O)C=C[C@]4(C)[C@@]3(F)[C@@H](O)C[C@@]21C,1,1.0,0.004064798355102539,0.9959352016448975,-
estradiol,C[C@]12CC[C@@H]3c4ccc(O)cc4CC[C@H]3[C@@H]1CC[C@@H]2O,0,0.0,0.6557643413543701,0.3442356288433075,-
zaleplon,CCN(C(C)=O)c1cccc(-c2ccnc3c(C#N)cnn23)c1,1,1.0,0.35368067026138306,0.6463193297386169,-
sedecamycin,CC(=O)OC1/C=C/C(C)=C/CC(O)/C=C/C(C)=C/C(NC(=O)C(C)=O)C2(C)C(=O)OC(C1)C(C)C2=O,0,0.0,0.5854917764663696,0.41450825333595276,-
ethinylestradiol,C#C[C@]1(O)CC[C@H]2[C@@H]3CCc4cc(O)ccc4[C@H]3CC[C@@]21C,0,0.0,0.7606773972511292,0.23932261765003204,-
BRL52580,O=C(Cc1ccc(Cl)c(Cl)c1)N1CCc2ccccc2[C@H]1CN1CCCC1,1,1.0,0.02584594488143921,0.9741540551185608,-
metopimazine,CS(=O)(=O)c1ccc2c(c1)N(CCCN1CCC(C(N)=O)CC1)c1ccccc1S2,1,1.0,0.01873648166656494,0.9812635183334351,-
mannitol,OCC(O)C(O)C(O)C(O)CO,0,1.0,0.37564796209335327,0.6243520379066467,-
rilapine,CN1CCN(C2=Cc3cc(Cl)ccc3/C(=C\C#N)c3ccccc32)CC1,1,1.0,0.009407103061676025,0.990592896938324,-
flutemazepam,CN1C(=O)C(O)N=C(c2ccccc2F)c2cc(Cl)ccc21,1,1.0,0.0037477612495422363,0.9962522387504578,-
Enflurane,FC(F)OC(F)(F)C(F)Cl,1,1.0,0.003471553325653076,0.9965284466743469,-
Org13011,O=C1CCCN1CCCCN1CCN(c2cc(C(F)(F)F)ccn2)CC1,1,1.0,0.0025040507316589355,0.9974959492683411,-
Quinine,C=C[C@H]1CN2CC[C@@H]1C[C@H]2[C@H](O)c1ccnc2ccc(OC)cc12,0,1.0,0.04549968242645264,0.9545003175735474,-
zomebazam,Cc1nn(C)c2c1N(c1ccccc1)C(=O)CC(=O)N2C,1,1.0,0.011678755283355713,0.9883212447166443,-
Methylcyclopentane,CC1CCCC1,1,1.0,0.002957642078399658,0.9970423579216003,-
Efavirenz,O=C1Nc2ccc(Cl)cc2[C@@](C#CC2CC2)(C(F)(F)F)O1,0,1.0,0.012943387031555176,0.9870566129684448,-
ceftiolene,CO/N=C(\C(=O)N[C@@H]1C(=O)N2C(C(=O)O)=C(/C=C/Sc3n[nH]c(=O)c(=O)n3CC=O)CS[C@H]12)c1csc(N)n1,0,0.0,0.8617081642150879,0.1382918506860733,-
delfaprazine,Cc1ccc(Cc2ccccc2)c(N2CCNCC2)c1,1,1.0,0.003991484642028809,0.9960085153579712,-
decimemide,CCCCCCCCCCOc1c(OC)cc(C(N)=O)cc1OC,1,1.0,0.05074191093444824,0.9492580890655518,-
metopon,CN1CC[C@]23c4c5ccc(O)c4O[C@@]2(C)C(=O)CC[C@H]3[C@H]1C5,1,1.0,0.027694761753082275,0.9723052382469177,-
Trometamol,NC(CO)(CO)CO,0,1.0,0.1812378168106079,0.8187621831893921,-
esorubicin,COc1cccc2c1C(=O)c1c(O)c3c(c(O)c1C2=O)C[C@](O)(C(=O)CO)C[C@H]3OC1CC(N)CC(C)O1,0,0.0,0.9537995457649231,0.0462004728615284,-
Desmethyldesipramine,NCCCN1c2ccccc2CCc2ccccc21,1,1.0,0.0014265775680541992,0.9985734224319458,-
butabarbital,CCC(C)C1(CC)C(=O)NC(=O)NC1=O,1,1.0,0.05610620975494385,0.9438937902450562,-
clazolam,CN1C(=O)CN2CCc3ccccc3C2c2cc(Cl)ccc21,1,1.0,0.0008356571197509766,0.999164342880249,-
ganciclovir,Nc1nc(=O)c2ncn(COC(CO)CO)c2[nH]1,0,1.0,0.03437072038650513,0.9656292796134949,-
cormethasoneacetate(cormetasone-acetate),CC(=O)OCC(=O)C1(O)C(C)CC2C3CC(F)(F)C4=CC(=O)C=CC4(C)C3(F)C(O)CC21C,1,1.0,0.006544530391693115,0.9934554696083069,-
clonazepam,O=C1CN=C(c2ccccc2Cl)c2cc([N+](=O)[O-])ccc2N1,1,1.0,0.021135330200195312,0.9788646697998047,-
nadolol,CC(C)(C)NCC(O)COc1cccc2c1C[C@H](O)[C@H](O)C2,1,1.0,0.1772962212562561,0.8227037787437439,-
aminopromazine,CN(C)CC(CN1c2ccccc2Sc2ccccc21)N(C)C,1,1.0,0.021052837371826172,0.9789471626281738,-
compound 38,CN(C)Cc1ccnc(-c2cccc(NC3N=CC=C3[N+](=O)[O-])c2)c1,1,1.0,0.0986628532409668,0.9013371467590332,-
harmalol,Cc1[nH]ccc2c1[nH]c1cc(=O)ccc12,1,1.0,0.04329758882522583,0.9567024111747742,-
protriptyline,CNCCCC1c2ccccc2C=Cc2ccccc21,1,1.0,0.009353280067443848,0.9906467199325562,-
metaxalone,Cc1cc(C)cc(OCC2CNC(=O)O2)c1,1,1.0,0.036591947078704834,0.9634080529212952,-
netilmicin,CCN[C@@H]1C[C@H](N)[C@@H](O[C@H]2OC(CN)=CC[C@H]2N)[C@H](O)[C@H]1O[C@H]1OC[C@](C)(O)[C@H](NC)[C@H]1O,0,0.0,0.9478736519813538,0.05212635174393654,-
atropine(hyoscyamine),CN1C2CCC1CC(OC(=O)C(CO)c1ccccc1)C2,1,1.0,0.1287456750869751,0.8712543249130249,-
Teniposide,COc1cc([C@@H]2c3cc4c(cc3[C@@H](OC3OC5COC(c6cccs6)OC5C(O)C3O)[C@H]3COC(=O)[C@H]23)OCO4)cc(OC)c1O,1,0.0,0.8401442766189575,0.15985573828220367,-
Itraconazole,CCC(C)n1ncn(-c2ccc(N3CCN(c4ccc(OC[C@H]5CO[C@](Cn6cncn6)(c6ccc(Cl)cc6Cl)O5)cc4)CC3)cc2)c1=O,0,0.0,0.8106938600540161,0.18930615484714508,-
tricetamide,CCN(CC)C(=O)CNC(=O)c1cc(OC)c(OC)c(OC)c1,1,1.0,0.016654014587402344,0.9833459854125977,-
penicillin,CC1(C)SC2C(NC(=O)Cc3ccccc3)C(=O)N2C1C(=O)O.[Na],0,0.0,0.9818257093429565,0.0181743111461401,-
Azelaicacid,O=C(O)CCCCCCCC(=O)O,0,1.0,0.0822572112083435,0.9177427887916565,-
doxylamine,CN(C)CCOC(C)(c1ccccc1)c1ccccn1,1,1.0,0.007920563220977783,0.9920794367790222,-
flerobuterol,CC(C)(C)NCC(O)c1ccccc1F,1,1.0,0.16844409704208374,0.8315559029579163,-
halopredone(halopredone-acetate),C[C@]12C=C(Br)C(=O)C=C1[C@H](F)C[C@H]1[C@@H]3CCC(O)(C(=O)CO)[C@@]3(C)C[C@H](O)C12F,1,1.0,0.019929945468902588,0.9800700545310974,-
homopipramol,OCCN1C=CN(CCCN2c3ccccc3C=Cc3ccccc32)C=CC1,1,1.0,0.0032373666763305664,0.9967626333236694,-
lometraline,COc1ccc(Cl)c2c1CCCC2N(C)C,1,1.0,0.006426990032196045,0.993573009967804,-
Alprostadil,CCCCC[C@H](O)/C=C/[C@H]1[C@H](O)CC(=O)[C@@H]1CCCCCCC(=O)O,0,1.0,0.3306216597557068,0.6693783402442932,-
flurandrenolide(fludroxycortide),CC1(C)O[C@@H]2C[C@H]3[C@@H]4C[C@H](F)C5=CC(=O)CC[C@]5(C)[C@H]4[C@@H](O)C[C@]3(C)[C@]2(C(=O)CO)O1,1,1.0,0.007955670356750488,0.9920443296432495,-
tilidine,CCOC(=O)C1(c2ccccc2)CCC=CC1N(C)C.[Cl-].[H+],1,1.0,0.06385397911071777,0.9361460208892822,-
riluzole,Nc1nc2ccc(OC(F)(F)F)cc2s1.[Cl-].[H+],1,1.0,0.22890883684158325,0.7710911631584167,-
thiothixene,CN1CCN(CC/C=C2\c3ccccc3Sc3ccc(S(=O)(=O)N(C)C)cc32)CC1,1,1.0,0.005979776382446289,0.9940202236175537,-
Y-G15,CN(C)CCc1ccccn1,1,1.0,0.00780719518661499,0.992192804813385,-
aptazapine,CN1CCN2c3ccccc3Cn3cccc3C2C1.O=C(O)/C=C\C(=O)O,1,1.0,0.2788374423980713,0.7211625576019287,-
Methohexital,C=CCC1(C(C)C#CCC)C(=O)NC(=O)N(C)C1=O,1,1.0,0.015585184097290039,0.98441481590271,-
atibeprone,Cc1c(C)c2ccc(OCc3nnc(C(C)C)s3)cc2oc1=O,1,1.0,0.3969547748565674,0.6030452251434326,-
phenoxypropazine(fenoxypropazine),CC(COc1ccccc1)NN,1,1.0,0.2046515941619873,0.7953484058380127,-
carindacillin,CC1(C)S[C@@H]2[C@H](NC(=O)C(C(=O)Oc3ccc4c(c3)CCC4)c3ccccc3)C(=O)N2[C@H]1C(=O)O,0,0.0,0.9861134886741638,0.013886496424674988,-
cefminox,CO[C@@]1(NC(=O)CSC[C@@H](N)C(=O)O)C(=O)N2C(C(=O)O)=C(CSc3nnnn3C)CS[C@@H]21,0,0.0,0.886873185634613,0.11312682926654816,-
amphenidone,Nc1cccc(-n2ccccc2=O)c1,1,1.0,0.04418814182281494,0.9558118581771851,-
7-K10,Clc1ccc2c(c1)[C@H]1CCNC[C@@H]1c1ccccc1O2,1,1.0,0.002641618251800537,0.9973583817481995,-
teniloxazine,O=C(O)/C=C\C(=O)O.c1csc(Cc2ccccc2OCC2CNCCO2)c1,1,1.0,0.1457197666168213,0.8542802333831787,-
mirincamycin,CCCCCC1CNC(C(=O)NC(C(C)Cl)C2OC(SC)C(O)C(O)C2O)C1,0,0.0,0.5502331256866455,0.4497669041156769,-
Sotalol,CC(C)NCC(O)c1ccc(NS(C)(=O)=O)cc1,1,0.0,0.6235938668251038,0.37640613317489624,-
doxylamine succinate,CN(C)CCOC(C)(c1ccccc1)c1ccccn1.O=C(O)CCC(=O)O,1,1.0,0.49828416109085083,0.5017158389091492,-
pinazepam,C#CCN1C(=O)CN=C(c2ccccc2)c2cc(Cl)ccc21,1,1.0,0.0011069178581237793,0.9988930821418762,-
rimexolone,CCC(=O)[C@@]1(C)[C@H](C)C[C@H]2[C@@H]3CCC4=CC(=O)C=C[C@]4(C)[C@H]3[C@@H](O)C[C@@]21C,1,1.0,0.04167848825454712,0.9583215117454529,-
flutizenol,OCCN1CCN(CCCN2c3cc(C(F)(F)F)ccc3Sc3sccc32)CC1,1,1.0,0.0013213753700256348,0.9986786246299744,-
iclazepam,O=C1CN=C(c2ccccc2)c2cc(Cl)ccc2N1CCOCC1CC1,1,1.0,0.0011172890663146973,0.9988827109336853,-
Bretyliumtosilate,CCCSc1ccc2[nH]c(NC(=O)OC)nc2c1,1,1.0,0.09426891803741455,0.9057310819625854,-
lenapenem,CNCC[C@@H](O)[C@@H]1C[C@H](SC2=C(C(=O)O)N3C(=O)[C@H]([C@@H](C)O)[C@H]3[C@H]2C)CN1,0,0.0,0.9760326743125916,0.023967333137989044,-
compound 40,O=C(NCCCOc1cccc(CN2CCCCC2)c1)c1ccccc1,1,1.0,0.013712584972381592,0.9862874150276184,-
cp25,CCCCCn1ccc(=O)c(O)c1C,1,1.0,0.042735755443573,0.957264244556427,-
cefcapene,CC/C=C(\C(=O)N[C@@H]1C(=O)N2C(C(=O)O)=C(COC(N)=O)CS[C@H]12)c1csc(N)n1,0,0.0,0.8610090613365173,0.13899095356464386,-
iminophenimide,CCC1(c2ccccc2)NCC(=O)NC1=O,1,1.0,0.019043326377868652,0.9809566736221313,-
Triamterene,Nc1nc(N)c2nc(-c3ccccc3)c(N)nc2n1,0,1.0,0.15219372510910034,0.8478062748908997,-
primidone,CCC1(c2ccccc2)C(=O)NCNC1=O,1,1.0,0.02372586727142334,0.9762741327285767,-
dopamine,NCCc1ccc(O)c(O)c1,0,0.0,0.6641375422477722,0.3358624577522278,-
octriptyline,CNCCC=C1c2ccccc2C2CC2c2ccccc21,1,1.0,0.003455936908721924,0.9965440630912781,-
Metronidazole,Cc1ncc([N+](=O)[O-])n1CCO,1,1.0,0.05719316005706787,0.9428068399429321,-
aceperone,CC(=O)NCC1(c2ccccc2)CCN(CCCC(=O)c2ccc(F)cc2)CC1,1,1.0,0.00463557243347168,0.9953644275665283,-
cefuzonam,CO/N=C(\C(=O)N[C@@H]1C(=O)N2C(C(=O)O)=C(CSc3cnns3)CS[C@H]12)c1csc(N)n1,0,0.0,0.9464325308799744,0.053567446768283844,-
isoxicam,Cc1cc(N/C(O)=C2\C(=O)c3ccccc3S(=O)(=O)N2C)no1,0,0.0,0.6043268442153931,0.39567315578460693,-
timobesone,CSC(=O)C1(O)C(C)CC2C3CCC4=CC(=O)C=CC4(C)C3(F)C(O)CC21C,1,1.0,0.017813563346862793,0.9821864366531372,-
trimethadione,CN1C(=O)OC(C)(C)C1=O,1,1.0,0.005190849304199219,0.9948091506958008,-
fluciprazine,C#CC1(OCC(O)CN2CCN(c3ccc(F)cc3)CC2)CCCCC1,1,1.0,0.007453262805938721,0.9925467371940613,-
pipequaline,c1ccc(-c2cc(CCC3CCNCC3)c3ccccc3n2)cc1,1,1.0,0.013965129852294922,0.9860348701477051,-
nicomorphine,CN1CC[C@]23c4c5ccc(OC(=O)c6cccnc6)c4O[C@H]2[C@@H](OC(=O)c2cccnc2)C=C[C@H]3[C@H]1C5,1,1.0,0.02039515972137451,0.9796048402786255,-
thiethylperazine,CCSc1ccc2c(c1)N(CCCN1CCN(C)CC1)c1ccccc1S2,1,1.0,0.0026349425315856934,0.9973650574684143,-
pyrovalerone,CCCC(C(=O)c1ccc(C)cc1)N1CCCC1,1,1.0,0.010899007320404053,0.989100992679596,-
aminoglutethimide,CCC1(c2ccc(N)cc2)CCC(=O)NC1=O,1,1.0,0.017434239387512207,0.9825657606124878,-
mazipredone,CN1CCN(CC(=O)[C@@]2(O)CC[C@H]3[C@@H]4CCC5=CC(=O)C=C[C@]5(C)[C@H]4[C@@H](O)C[C@@]32C)CC1,1,1.0,0.02090519666671753,0.9790948033332825,-
7-K08,O=C1CCCN1CCCCN1CCN(c2cc(C(F)(F)F)cc(Cl)n2)CC1,1,1.0,0.0017323493957519531,0.998267650604248,-
arbekacin,NCC[C@H](O)C(=O)N[C@@H]1C[C@H](N)[C@@H](O[C@H]2O[C@H](CN)CC[C@H]2N)[C@H](O)[C@H]1O[C@H]1O[C@H](CO)[C@@H](O)[C@H](N)[C@H]1O,0,0.0,0.6256316900253296,0.3743683099746704,-
sertraline,CN[C@H]1CC[C@@H](c2ccc(Cl)c(Cl)c2)c2ccccc21.[Cl-].[H+],1,1.0,0.0066162943840026855,0.9933837056159973,-
carbenzide,CCOC(=O)NNC(C)c1ccccc1,1,1.0,0.22445917129516602,0.775540828704834,-
norlevorphanol,Oc1ccc2c(c1)C13CCCCC1C(C2)NCC3,1,1.0,0.021740436553955078,0.9782595634460449,-
compound 35,CN(C)Cc1ccc(CSCCNC2N=CC=C2[N+](=O)[O-])o1,0,1.0,0.30937659740448,0.69062340259552,-
pregnanolone,CC(=O)[C@H]1CC[C@H]2[C@@H]3CC[C@@H]4C[C@H](O)CC[C@]4(C)[C@H]3CC[C@]12C,1,1.0,0.2509623169898987,0.7490376830101013,-
Mesna,O=S(=O)([O-])CCS.[Na+],0,1.0,0.034800052642822266,0.9651999473571777,-
GR94839_G,CC(=O)N1CCN(C(=O)Cc2cccc([N+](=O)[O-])c2)[C@@H](CN2CC[C@H](O)C2)C1,0,0.0,0.9667529463768005,0.03324706479907036,-
meloxicam,Cc1cnc(N/C(O)=C2/C(=O)c3ccccc3S(=O)(=O)N2C)s1,0,1.0,0.37375545501708984,0.6262445449829102,-
fluprednisolone,C[C@]12C[C@H](O)[C@H]3[C@@H](C[C@H](F)C4=CC(=O)C=C[C@@]43C)[C@@H]1CC[C@]2(O)C(=O)CO,1,1.0,0.07611232995986938,0.9238876700401306,-
etazolate,CCOC(=O)c1cnc2c(cnn2CC)c1NN=C(C)C,1,1.0,0.03749734163284302,0.962502658367157,-
reboxetine,CCOc1ccccc1O[C@@H](c1ccccc1)[C@@H]1CNCCO1,1,1.0,0.03643941879272461,0.9635605812072754,-
Nor-1-chlorpromazine,CNCCCN1c2ccccc2Sc2ccc(Cl)cc21,1,1.0,0.0027985572814941406,0.9972014427185059,-
amperozide,CCNC(=O)N1CCN(CCCC(c2ccc(F)cc2)c2ccc(F)cc2)CC1,1,1.0,0.006545543670654297,0.9934544563293457,-
Phenolphthalein,O=C1OC(c2ccc(O)cc2)(c2ccc(O)cc2)c2ccccc21,0,1.0,0.36138617992401123,0.6386138200759888,-
ziprasidone,O=C1Cc2cc(CCN3CCN(c4nsc5ccccc45)CC3)c(Cl)cc2N1,1,1.0,0.011771559715270996,0.988228440284729,-
azepindole,c1ccc2c(c1)cc1n2CCCNC1,1,1.0,0.008518457412719727,0.9914815425872803,-
Org4428,Cc1cccc2c1Oc1ccccc1C1(O)CCN(C)CC21,1,1.0,0.010756611824035645,0.9892433881759644,-
pizotifen,CN1CCC(=C2c3ccccc3CCc3sccc32)CC1,1,1.0,0.00202864408493042,0.9979713559150696,-
doliracetam,NC(=O)CN1C(=O)C(c2ccccc2)c2ccccc21,1,1.0,0.12488722801208496,0.875112771987915,-
methotrimeprazine,COc1ccc2c(c1)N(C[C@H](C)CN(C)C)c1ccccc1S2,1,1.0,0.0330691933631897,0.9669308066368103,-
meclorisone(meclorisone-dibutyrate),C[C@@H]1CC2C3CCC4=CC(=O)C=CC4(C)[C@@]3(Cl)C(Cl)CC2(C)[C@@]1(O)C(=O)CO,1,1.0,0.04179942607879639,0.9582005739212036,-
anileridine,CCOC(=O)C1(c2ccccc2)CCN(CCc2ccc(N)cc2)CC1,1,1.0,0.04010874032974243,0.9598912596702576,-
scopolamine,CN1[C@H]2CC(OC(=O)[C@H](CO)c3ccccc3)C[C@@H]1[C@H]1O[C@@H]21,0,1.0,0.2280573844909668,0.7719426155090332,-
josamycin,CO[C@@H]1[C@@H](O[C@@H]2O[C@H](C)[C@@H](O[C@H]3C[C@@](C)(O)[C@@H](OC(=O)CC(C)C)[C@H](C)O3)[C@H](N(C)C)[C@H]2O)[C@@H](CC=O)C[C@@H](C)[C@@H](O)/C=C/C=C/C[C@@H](C)OC(=O)C[C@H]1OC(C)=O,0,0.0,0.9585678577423096,0.041432131081819534,-
Pentobarbital,CCCC(C)C1(CC)C(=O)NC(=O)NC1=O,1,1.0,0.020740270614624023,0.979259729385376,-
cortivazol,CC(=O)OCC(=O)[C@@]1(O)[C@H](C)C[C@H]2[C@@H]3C=C(C)C4=Cc5c(cnn5-c5ccccc5)C[C@]4(C)[C@H]3[C@@H](O)C[C@@]21C,1,1.0,0.04370772838592529,0.9562922716140747,-
tramadol,COc1cccc([C@@]2(O)CCCC[C@@H]2CN(C)C)c1.[Cl-].[H+],1,1.0,0.15085041522979736,0.8491495847702026,-
amdinocillinpivoxil,CC(C)(C)C(=O)OCOC(=O)C1N2C(=O)[C@@H](N=CN3CCCCCC3)[C@H]2SC1(C)C,0,0.0,0.6595520377159119,0.34044796228408813,-
amitriptylinoxide,C[N+](C)([O-])CCC=C1c2ccccc2CCc2ccccc21,1,1.0,0.009193837642669678,0.9908061623573303,-
talsupram,CNCCCC1(c2ccccc2)SC(C)(C)c2ccccc21,1,1.0,0.019026458263397217,0.9809735417366028,-
gloximonam,CO/N=C(\C(=O)N[C@@H]1C(=O)N(OCC(=O)OCC(=O)OC(C)(C)C)[C@H]1C)c1csc(N)n1,0,0.0,0.8834130167961121,0.11658699810504913,-
prosulpride,CCCN1CCCC1CNC(=O)c1cc(S(N)(=O)=O)ccc1OC,1,1.0,0.017200350761413574,0.9827996492385864,-
tetrabenazine(tetrabenzine),COc1cc2c(cc1OC)C1CC(=O)C(CC(C)C)CN1CC2,1,1.0,0.02343153953552246,0.9765684604644775,-
setoperone,Cc1nc2n(c(=O)c1CCN1CCC(C(=O)c3ccc(F)cc3)CC1)CCS2,1,1.0,0.0056321024894714355,0.9943678975105286,-
probenecid,CCCN(CCC)S(=O)(=O)c1ccc(C(=O)O)cc1,0,1.0,0.14383524656295776,0.8561647534370422,-
tipredane,CCS[C@]1(SC)CC[C@H]2[C@@H]3CCC4=CC(=O)C=C[C@]4(C)[C@@]3(F)[C@@H](O)C[C@@]21C,1,1.0,0.10040104389190674,0.8995989561080933,-
dextropropoxyphene,CCC(=O)O[C@](Cc1ccccc1)(c1ccccc1)[C@H](C)CN(C)C,1,1.0,0.05441629886627197,0.945583701133728,-
brallobarbital,C=CCC1(CC(=C)Br)C(=O)NC(=O)NC1=O,1,1.0,0.0173453688621521,0.9826546311378479,-
Plicamycin,CO[C@H](C(=O)[C@@H](O)[C@@H](C)O)[C@@H]1Cc2cc3cc(O[C@H]4C[C@@H](O[C@H]5C[C@@H](O)[C@H](O)[C@@H](C)O5)[C@H](O)[C@@H](C)O4)c(C)c(O)c3c(O)c2C(=O)[C@H]1O[C@H]1C[C@@H](O[C@H]2C[C@@H](O[C@H]3C[C@](C)(O)[C@H](O)[C@@H](C)O3)[C@H](O)[C@@H](C)O2)[C@H](O)[C@@H](C)O1,1,0.0,0.9847838878631592,0.015216090716421604,-
methantheline,CC[N+](C)(CC)CCOC(=O)C1c2ccccc2Oc2ccccc21,0,1.0,0.4620567560195923,0.5379432439804077,-
remoxipride,CCN1CCC[C@H]1CNC(=O)c1c(OC)ccc(Br)c1OC,1,1.0,0.015876471996307373,0.9841235280036926,-
trefentanil,CCC(=O)N(c1ccccc1F)C1(c2ccccc2)CCN(CCn2nnn(CC)c2=O)CC1.[Cl-].[H+],1,1.0,0.017783284187316895,0.9822167158126831,-
profexalone,CCCNC(=O)N1CC(c2ccccc2)OC1=O,1,1.0,0.014834403991699219,0.9851655960083008,-
skb-h,CC[C@H](NC(=O)c1c(OCCNC(=O)[C@@H]2CCCN2)c(-c2ccccc2)nc2ccccc12)c1ccccc1,0,0.0,0.7640101909637451,0.2359897792339325,-
pentamorphone,CCCCCN[C@@]12C=CC(=O)[C@@H]3Oc4c(O)ccc5c4[C@@]31CCN(C)[C@@H]2C5,1,1.0,0.007948815822601318,0.9920511841773987,-
apramycin,CN[C@@H]1[C@@H](O[C@H]2O[C@H](CO)[C@@H](N)[C@H](O)[C@H]2O)O[C@H]2C[C@@H](N)[C@H](O[C@@H]3[C@@H](N)C[C@@H](N)[C@H](O)[C@H]3O)O[C@@H]2[C@@H]1O,0,0.0,0.9363546371459961,0.06364534795284271,-
dezocine,CC12CCCCCC(Cc3ccc(O)cc31)C2N,1,1.0,0.09762102365493774,0.9023789763450623,-
lortalamine,CN1CC[C@]23NC(=O)CC(c4cc(Cl)ccc4O2)C3C1,1,1.0,0.00229036808013916,0.9977096319198608,-
SB204484,O=C(Cc1ccc(Cl)c(Cl)c1)N1CCn2ncnc2[C@H]1CN1CCCC1,1,1.0,0.10546630620956421,0.8945336937904358,-
roflurane,COC(F)(F)C(F)Br,1,1.0,0.013547658920288086,0.9864523410797119,-
indomethacin(indometacin),COc1ccc2c(c1)c(CC(=O)O)c(C)n2C(=O)c1ccc(Cl)cc1,1,0.0,0.8581783771514893,0.14182162284851074,-
trebenzomine,CC1Oc2ccccc2CC1N(C)C,1,1.0,0.0018581151962280273,0.998141884803772,-
clofluperol,O=C(CCCN1CCC(O)(c2ccc(Cl)c(C(F)(F)F)c2)CC1)c1ccc(F)cc1,1,1.0,0.007917165756225586,0.9920828342437744,-
GR91272,O=C(Cc1ccc(Cl)c(Cl)c1)N1CCc2occc2[C@H]1CN1CC[C@@H](O)C1,1,0.0,0.6776973009109497,0.3223027288913727,-
promethazine-HCl,CC(CN1c2ccccc2Sc2ccccc21)N(C)C,1,1.0,0.006281852722167969,0.993718147277832,-
27,c1ccc(NCCCOc2cccc(CN3CCCCC3)c2)nc1,1,1.0,0.023021280765533447,0.9769787192344666,-
Butanone,CCC(C)=O,1,1.0,0.0018631219863891602,0.9981368780136108,-
fleroxacin,CN1CCN(c2c(F)cc3c(=O)c(C(=O)O)cn(CCF)c3c2F)CC1,0,0.0,0.6730513572692871,0.3269486725330353,-
flubanilate,CCOC(=O)N(CCN(C)C)c1cccc(C(F)(F)F)c1,1,1.0,0.04066497087478638,0.9593350291252136,-
mepiramine,COc1ccc(CN(CCN(C)C)c2ccccn2)cc1,0,1.0,0.05010253190994263,0.9498974680900574,-
carmantadine,O=C(O)C1CCN1C12CC3CC(CC(C3)C1)C2,1,1.0,0.12709945440292358,0.8729005455970764,-
cefatrizine,NC(C(=O)N[C@@H]1C(=O)N2C(C(=O)O)=C(CSc3cn[nH]n3)CS[C@H]12)c1ccc(O)cc1,0,0.0,0.9555054306983948,0.04449458047747612,-
Y-G14,CNCCc1ccccn1,1,1.0,0.01293414831161499,0.987065851688385,-
trocimine,COc1cc(C(=O)N2CCCCCCC2)cc(OC)c1OC,1,1.0,0.023760676383972168,0.9762393236160278,-
amoxapine,Clc1ccc2c(c1)C(N1CCNCC1)=Nc1ccccc1O2,1,1.0,0.002489805221557617,0.9975101947784424,-
ralitoline,Cc1cccc(Cl)c1NC(=O)/C=C1\SCC(=O)N1C,1,1.0,0.024956881999969482,0.9750431180000305,-
napamezole,C1=C(CC2=NCNC2)CCc2ccccc21,1,1.0,0.003152310848236084,0.9968476891517639,-
azaloxan,O=C1NCCN1C1CCN(CCC2COc3ccccc3O2)CC1,1,1.0,0.022124886512756348,0.9778751134872437,-
Urea,NC(N)=O,1,1.0,0.030184626579284668,0.9698153734207153,-
SB-222200,CC[C@H](NC(=O)c1c(C)c(-c2ccccc2)nc2ccccc12)c1ccccc1,1,1.0,0.11520248651504517,0.8847975134849548,-
progabide,NC(=O)CCCN/C(=C1\C=C(F)C=CC1=O)c1ccc(Cl)cc1,1,1.0,0.033418476581573486,0.9665815234184265,-
cinuperone,O=C(CCCN1CCN(c2cc3ccccc3cn2)CC1)c1ccc(F)cc1,1,1.0,0.003922760486602783,0.9960772395133972,-
Astemizole,COc1ccc(CCN2CCC(Nc3nc4ccccc4n3Cc3ccc(F)cc3)CC2)cc1,0,1.0,0.0585138201713562,0.9414861798286438,-
Flumazenil,CCOC(=O)c1ncn2c1CN(C)C(=O)c1cc(F)ccc1-2,1,1.0,0.018672525882720947,0.981327474117279,-
Tifluadom,CN1c2ccccc2C(c2ccccc2F)=NCC1CNC(=O)c1ccsc1,1,1.0,0.0021657347679138184,0.9978342652320862,-
beclamide,O=C(CCCl)NCc1ccccc1,1,1.0,0.03854769468307495,0.961452305316925,-
compound 34,CC(=O)Nc1cccc(-c2csc(N=C(N)N)n2)c1,0,1.0,0.1383746862411499,0.8616253137588501,-
emetine,CC[C@H]1CN2CCc3cc(OC)c(OC)cc3[C@@H]2C[C@@H]1C[C@H]1NCCc2cc(OC)c(OC)cc21.[Cl],0,1.0,0.049565911293029785,0.9504340887069702,-
paracetamol(acetaminophen),CC(=O)Nc1ccc(O)cc1,1,1.0,0.09982043504714966,0.9001795649528503,-
Mirtazapine,CN1CCN2c3ncccc3Cc3ccccc3C2C1,1,1.0,0.0012898445129394531,0.9987101554870605,-
zopiclone,CN1CCN(C(=O)OC2c3nccnc3C(=O)N2c2ccc(Cl)cn2)CC1,1,1.0,0.1488022804260254,0.8511977195739746,-
spiclomazine,O=C1CSC2(CCN(CCCN3c4ccccc4Sc4ccc(Cl)cc43)CC2)N1.[Cl-].[H+],1,1.0,0.004036545753479004,0.995963454246521,-
GR94839_L,CC(=O)N1CCN(C(=O)Cc2ccc(S(C)(=O)=O)cc2)[C@@H](CN2CC[C@H](O)C2)C1,0,0.0,0.9701248407363892,0.029875151813030243,-
terguride,CCN(CC)C(=O)N[C@H]1C[C@@H]2c3cccc4[nH]cc(c34)C[C@H]2N(C)C1,1,1.0,0.013434350490570068,0.9865656495094299,-
clobetasol,CC1CC2C3CCC4=CC(=O)C=CC4(C)[C@@]3(F)C(O)CC2(C)[C@@]1(O)C(=O)CCl,1,1.0,0.01314079761505127,0.9868592023849487,-
Miconazole,Clc1ccc(COC(Cn2ccnc2)c2ccc(Cl)cc2Cl)c(Cl)c1,0,1.0,0.18816405534744263,0.8118359446525574,-
naprodoxime,CC(Oc1cccc2ccccc12)/C(N)=N/O,1,1.0,0.08263075351715088,0.9173692464828491,-
1-48,C=C1Cc2c(CCN(CCC)CCC)ccc(O)c2N1,1,1.0,0.045935094356536865,0.9540649056434631,-
Acebutolol,CCCC(=O)Nc1ccc(OCC(O)CNC(C)C)c(C(C)=O)c1,1,1.0,0.10023587942123413,0.8997641205787659,-
phetharbital,CCC1(CC)C(=O)NC(=O)N(c2ccccc2)C1=O,1,1.0,0.028850674629211426,0.9711493253707886,-
cefotaxime,CO/N=C(\C(=O)N[C@H]1C(=O)N2C(C(=O)[O-])=C(COC(C)=O)CS[C@@H]12)c1csc(N)n1.[Na+],1,0.0,0.9620625376701355,0.037937477231025696,-
ganaxolone,CC(=O)[C@H]1CC[C@H]2[C@@H]3CC[C@H]4C[C@](C)(O)CC[C@]4(C)[C@H]3CC[C@]12C,1,1.0,0.41030120849609375,0.5896987915039062,-
cyclazocine,CC1C2Cc3ccc(O)cc3C1(C)CCN2CC1CC1,1,1.0,0.004321038722991943,0.9956789612770081,-
etizolam,CCc1cc2c(s1)-n1c(C)nnc1CN=C2c1ccccc1Cl,1,1.0,0.013925373554229736,0.9860746264457703,-
apadoline,CCCNC(=O)c1ccc2c(c1)N([C@H](C)CN1CCCC1)c1ccccc1S2,1,1.0,0.007418990135192871,0.9925810098648071,-
oxcarbazepine,NC(=O)N1c2ccccc2CC(=O)c2ccccc21,1,1.0,0.00905078649520874,0.9909492135047913,-
buspirone,O=C1CC2(CCCC2)CC(=O)N1CCCCN1CCN(c2ncccn2)CC1,1,1.0,0.0033139586448669434,0.9966860413551331,-
paroxetine,Fc1ccc([C@@H]2CCNC[C@H]2COc2ccc3c(c2)OCO3)cc1,1,1.0,0.00864642858505249,0.9913535714149475,-
viloxazine,CCOc1ccccc1OCC1CNCCO1,1,1.0,0.007818222045898438,0.9921817779541016,-
flunisolide-acetate,CC(=O)OCC(=O)[C@@]12OC(C)(C)O[C@@H]1CC1C3C[C@H](F)C4=CC(=O)C=CC4(C)[C@H]3C(O)CC12C,1,1.0,0.0023509860038757324,0.9976490139961243,-
sisomicin,CN[C@@H]1[C@@H](O)[C@@H](O[C@@H]2[C@@H](O)[C@H](O[C@H]3OC(CN)=CC[C@H]3N)[C@@H](N)C[C@H]2N)OC[C@]1(C)O,0,0.0,0.9631017446517944,0.036898255348205566,-
etamiphyllin,CCN(CC)CCn1cnc2c1c(=O)n(C)c(=O)n2C,1,1.0,0.00554579496383667,0.9944542050361633,-
alclometasone,C[C@@H]1C[C@H]2[C@H]3[C@H]([C@@H](O)C[C@]2(C)[C@@]1(O)C(=O)CO)[C@@]1(C)C=CC(=O)C=C1C[C@H]3Cl,1,1.0,0.042864322662353516,0.9571356773376465,-
atolide,CCN(CC)c1ccc(NC(=O)c2ccccc2N)c(C)c1,1,1.0,0.04447263479232788,0.9555273652076721,-
romergoline,CN1C[C@H](CN2CC(=O)NC(=O)C2)C=C2c3cccc4[nH]cc(c34)C[C@H]21,1,1.0,0.019462883472442627,0.9805371165275574,-
rifamide,CCN(CC)C(=O)COc1cc2c(O)c3c(O)c(C)c4c(c13)C(=O)[C@@](C)(O/C=C/[C@H](OC)[C@@H](C)[C@@H](OC(C)=O)[C@H](C)[C@H](O)[C@H](C)[C@@H](O)[C@@H](C)/C=C/C=C(/C)C(=O)N2)O4,0,0.0,0.9750763177871704,0.024923700839281082,-
BRL52871,O=C(Cc1ccc(Cl)c(Cl)c1)N1CCc2sccc2[C@H]1CN1CCCC1,1,1.0,0.04144853353500366,0.9585514664649963,-
hydromorphone,CN1CC[C@]23c4c5ccc(O)c4O[C@H]2C(=O)CC[C@H]3[C@H]1C5,1,1.0,0.007173418998718262,0.9928265810012817,-
suritozole,Cn1nc(-c2cccc(F)c2)n(C)c1=S,1,1.0,0.0005324482917785645,0.9994675517082214,-
tofisopam,CCC1C(C)=NN=C(c2ccc(OC)c(OC)c2)c2cc(OC)c(OC)cc21,1,1.0,0.10793018341064453,0.8920698165893555,-
