Drug_ID,Drug,Y,MolWt,LogP,NumHDonors,NumHAcceptors,TPSA,NumRotatableBonds,AtomCount,Prob_Class_0,Prob_Class_1,Predicted_Class,Lipinski,Ghose,Veber,Egan,Muegge,Units
CHEMBL1916538,COc1ccc2c(c1)N(CCN1CCC(NCc3ccc4c(n3)NC(=O)CO4)CC1)C(=O)OC2,0.5,467.5260000000003,2.1319,2,8,105.26,7,34,0.7695403,0.23045969,Yes,Yes,Yes,Yes,Yes,Yes,continuous
CHEMBL524645,CC(C)Oc1ccc(S(C)(=O)=O)cc1C(=O)N1CCN(c2ccc(C(F)(F)F)cc2)CC1,3.33,470.5130000000002,3.858500000000003,0,5,66.92,5,32,0.46073884,0.53926116,Yes,Yes,Yes,Yes,Yes,Yes,continuous
CHEMBL1369722,Oc1ncnc2scc(-c3ccccc3)c12,2.07,228.276,3.063900000000001,1,4,46.010000000000005,1,16,0.4040935,0.5959065,Yes,Yes,No,Yes,Yes,Yes,continuous
CHEMBL8953,COc1cc(C(=O)c2cc(Cl)ccc2N)cc(OC)c1OC,3.38,321.7600000000001,3.179000000000001,1,5,70.78,5,22,0.43115407,0.5688459,Yes,Yes,Yes,Yes,Yes,Yes,continuous
CHEMBL134908,Cc1cc(COc2ccc(NC(=O)[C@@H]3[C@@H](C(=O)NO)CCCN3C)cc2)c2ccccc2n1,2.41,448.52300000000025,3.2765200000000023,3,6,103.78999999999999,6,33,0.25388712,0.7461129,Yes,Yes,Yes,Yes,Yes,Yes,continuous
CHEMBL1698932,Oc1cc(-c2ccccc2)nc2ncnn12,-0.21,212.212,1.4968999999999992,1,5,63.31,1,16,0.39114642,0.6088536,Yes,Yes,No,Yes,Yes,Yes,continuous
CHEMBL2349318,CCC[C@H](CO)Nc1nc(S[C@@H](C)c2cccc(C#N)c2)nc2[nH]c(=O)sc12,3.7,415.54400000000015,3.677480000000002,3,8,114.69,8,28,0.25633067,0.74366933,Yes,Yes,Yes,Yes,Yes,Yes,continuous
CHEMBL457,Cc1ccc(C)c(OCCCC(C)(C)C(=O)O)c1,0.72,250.33799999999997,3.573240000000002,1,2,46.53,6,18,0.533762,0.46623802,Yes,Yes,No,Yes,Yes,Yes,continuous
CHEMBL2165061,COc1ccc2ncc(=O)n(CCN3CC[C@@H](NCc4ccc5c(n4)NC(=O)CO5)[C@H](OC)C3)c2c1,0.97,494.5520000000003,1.010100000000001,2,10,119.84,8,36,0.8111104,0.18888962,Yes,Yes,No,Yes,Yes,Yes,continuous
CHEMBL1079,Clc1ccc2nsnc2c1NC1=NCCN1,0.71,253.718,1.7157999999999993,2,6,62.2,1,16,0.29669583,0.7033042,Yes,Yes,No,Yes,Yes,Yes,continuous
CHEMBL1184160,CC(O)C(C)OC(=O)[C@@H]1CC2c3cccc4c3c(cn4C(C)C)CC2N(C)C1,2.8,384.52000000000015,3.4947000000000026,1,5,54.7,4,28,0.5018122,0.4981878,Yes,Yes,Yes,Yes,Yes,Yes,continuous
CHEMBL1345229,CC1CCN(C(=O)c2scc3c2OCCO3)CC1,2.26,267.34999999999997,2.3914,0,4,38.77,1,18,0.54266846,0.4573315,Yes,Yes,No,Yes,Yes,Yes,continuous
CHEMBL249789,OC[C@H]1C[C@@H](n2nnc3c(N[C@@H]4C[C@H]4c4ccc(F)c(F)c4)nc(SCCC(F)(F)F)nc32)[C@H](O)[C@@H]1O,3.99,546.5220000000003,2.787100000000001,4,10,129.21,8,37,0.0,1.0,Yes,No,No,Yes,Yes,Yes,continuous
CHEMBL2335886,COCCOc1ccc(Nc2ncc3cc(-c4ccncc4)ccc3n2)cc1,3.1,372.42800000000005,4.460600000000003,1,6,69.16,7,28,0.23146027,0.7685397,Yes,Yes,Yes,Yes,Yes,Yes,continuous
CHEMBL1934266,CCC(CC)NC(=O)c1c(C)nn(C(C)C)c1NS(=O)(=O)c1ccc(C)cc1,0.92,406.55200000000013,3.8000400000000027,2,5,93.09,8,28,0.7561666,0.24383344,Yes,Yes,Yes,Yes,Yes,Yes,continuous
CHEMBL588001,CC1(C)N=C(N)N=C(N)N1c1ccc(Oc2ccc(Cl)cc2)c(Cl)c1,0.79,378.26300000000015,3.9712000000000014,2,6,89.22999999999999,3,25,0.795052,0.20494802,Yes,Yes,Yes,Yes,Yes,Yes,continuous
CHEMBL380979,O=[N+]([O-])c1ccc2[nH]c(-c3ccccn3)nc2c1,2.8,240.222,2.5331,1,4,84.71,2,18,0.43403983,0.56596017,Yes,Yes,No,Yes,Yes,Yes,continuous
CHEMBL2164850,O=C(Nc1cc(-c2ccncc2)c[nH]c1=O)[C@H](Cc1ccccc1)NC1(c2ccccn2)CC1,3.44,451.53000000000014,3.6606000000000023,3,5,99.77,8,34,0.66955954,0.33044046,Yes,Yes,Yes,Yes,Yes,Yes,continuous
CHEMBL1209820,CCCS(=O)(=O)c1ccc(C(CNS(=O)(=O)c2ccc(C(F)(F)F)cc2)N2CCCCCC2)cc1,3.32,532.6500000000004,4.784700000000004,1,5,83.55,9,35,0.06837124,0.93162876,Yes,No,No,Yes,Yes,Yes,continuous
CHEMBL2333941,C[C@@]1(c2cc(-c3cncnc3)c(F)cc2F)CCSC(N)=N1,0.8,320.368,3.0886000000000005,1,5,64.16,2,22,0.45940387,0.5405961,Yes,Yes,Yes,Yes,Yes,Yes,continuous
CHEMBL101,CCCCC1C(=O)N(c2ccccc2)N(c2ccccc2)C1=O,0.45,308.3810000000001,3.7878000000000025,0,2,40.620000000000005,5,23,0.4882108,0.5117892,Yes,Yes,Yes,Yes,Yes,Yes,continuous
CHEMBL1543041,CCN(CC)CC(=O)Nc1c(C#N)cnn1-c1ccccc1,0.4,297.362,2.02428,1,5,73.95000000000002,6,22,0.6347884,0.3652116,Yes,Yes,Yes,Yes,Yes,Yes,continuous
CHEMBL2207672,Cc1c(Cl)ccc(OC2CCN(C[C@H](O)CNC(=O)c3c[nH]c(=O)c4cc(S(C)(=O)=O)ccc34)CC2)c1Cl,2.83,582.5060000000001,3.1809200000000013,3,7,128.79999999999998,8,38,0.3217309,0.6782691,Yes,No,No,Yes,Yes,Yes,continuous
CHEMBL2177110,CCCSc1c(C(=O)NC2CCCCC2)cnn1-c1cccc(C(=O)O)c1,0.7,387.50500000000005,4.135100000000003,2,5,84.22,7,27,0.7269752,0.2730248,Yes,Yes,Yes,Yes,Yes,Yes,continuous
CHEMBL471757,CC(C)(C)CNc1nc(C#N)nc(N2CCOCC2)c1N,3.08,290.37100000000004,1.2250799999999997,2,7,100.09,3,21,0.32951397,0.67048603,Yes,Yes,Yes,Yes,Yes,Yes,continuous
CHEMBL421,O=C(O)c1cc(N=Nc2ccc(S(=O)(=O)Nc3ccccn3)cc2)ccc1O,-0.58,398.4000000000001,3.7016000000000013,3,7,141.31,6,28,1.068462,-0.06846206,Yes,Yes,Yes,No,No,Yes,continuous
CHEMBL2208431,O=C(NC[C@@H](O)CN1CCC(Oc2ccc(Cl)c(Cl)c2)CC1)c1n[nH]c(=O)c2ccccc12,3.69,491.3750000000003,2.864,3,6,107.54999999999998,7,33,0.22028077,0.77971923,Yes,Yes,No,Yes,Yes,Yes,continuous
CHEMBL119247,CCn1c2ccccc2c2cc(NC(=O)N3CCOCC3)ccc21,3.2,323.3960000000001,3.6785000000000023,1,3,46.5,2,24,0.19333935,0.80666065,Yes,Yes,Yes,Yes,Yes,Yes,continuous
CHEMBL1682950,CC[C@H](NC(=O)c1c([S+](C)[O-])c(-c2ccsc2)nc2ccccc12)c1ccccc1,2.66,434.5860000000001,5.581800000000005,1,4,65.05,6,30,0.10280824,0.89719176,Yes,No,Yes,Yes,Yes,No,continuous
CHEMBL1809057,COc1cc(C(CO)CO)ccc1Nc1ncc(Cl)c(-c2cnc3ccccn23)n1,3.1,425.87600000000015,3.2651000000000003,3,8,104.8,7,30,0.19104546,0.80895454,Yes,Yes,Yes,Yes,Yes,Yes,continuous
CHEMBL384304,COc1ccc(F)c(F)c1C(=O)c1cnc(NC2CCN(S(C)(=O)=O)CC2)nc1N,2.08,441.4600000000003,1.4125,2,8,127.50999999999999,6,30,0.5252843,0.47471574,Yes,Yes,Yes,Yes,Yes,Yes,continuous
CHEMBL1288960,Cc1nnc(N)s1,-0.4,115.161,0.42872,1,4,51.8,0,7,0.9067555,0.0932445,Yes,Yes,No,Yes,Yes,No,continuous
CHEMBL581893,COc1ccc2c(C)nc(NC(=N)N)nc2c1,-0.51,231.25900000000001,1.25219,3,4,96.91,2,17,0.8110687,0.1889313,Yes,Yes,No,Yes,Yes,Yes,continuous
CHEMBL2036569,Cc1cc(NC(=O)c2nnc(Nc3ccccc3F)o2)ccc1N1CCOCC1,4.0,397.4100000000003,3.3496200000000016,2,7,92.52,5,29,0.12866503,0.87133497,Yes,Yes,Yes,Yes,Yes,Yes,continuous
CHEMBL1809049,COc1cc(OC2CCN(C(C)=O)CC2)ccc1Nc1ncc(Cl)c(-c2cnc3ccccn23)n1,4.0,492.9670000000001,4.586600000000003,1,8,93.88000000000001,6,35,0.17166781,0.8283322,Yes,Yes,No,Yes,Yes,Yes,continuous
CHEMBL321590,O=C(NO)C1COC(c2ccc(F)c(C(F)(F)F)c2)=N1,1.53,292.188,1.4952999999999996,2,4,70.92,2,20,0.34459555,0.65540445,Yes,Yes,Yes,Yes,Yes,Yes,continuous
CHEMBL259515,Cn1sc(NC(=O)c2ccccc2)nc1=O,1.13,235.26800000000003,1.0940999999999999,1,5,63.99,2,16,0.6032449,0.3967551,Yes,Yes,No,Yes,Yes,Yes,continuous
CHEMBL469728,COc1ccc(N(C(=O)c2occc2Cl)C(C(=O)NC[C@@H](C)O)c2ccccc2F)c(OC)c1,2.18,490.9150000000002,3.974400000000003,2,6,101.24000000000001,9,34,0.35341907,0.64658093,Yes,Yes,No,Yes,Yes,Yes,continuous
CHEMBL211265,Nc1nc(N)c(-c2ccc(NC(=O)C3CC3)cc2)c(COCc2ccccc2)n1,2.46,389.4590000000001,3.373300000000002,3,6,116.15,7,29,0.2843277,0.7156723,Yes,Yes,Yes,Yes,Yes,Yes,continuous
CHEMBL374656,CN(C)C(=O)[C@H](Cc1ccccc1)NC(=O)c1cc2sccc2[nH]1,3.1,341.43600000000004,2.6586999999999996,2,3,65.2,5,24,0.27900624,0.72099376,Yes,Yes,Yes,Yes,Yes,Yes,continuous
CHEMBL325245,COc1cc2ncnc(NCc3ccccc3)c2cc1OC,3.29,295.3420000000001,3.259100000000002,1,5,56.27000000000001,5,22,0.18973142,0.8102686,Yes,Yes,Yes,Yes,Yes,Yes,continuous
CHEMBL254192,Cc1ccc(C(=O)N(CCCN)Cc2nc3cc(Cl)ccc3c(=O)n2Cc2ccccc2)cc1,1.47,474.9920000000002,4.397820000000003,1,5,81.22,8,34,0.2776271,0.7223729,Yes,Yes,Yes,Yes,Yes,Yes,continuous
CHEMBL464081,CC1(C)[C@@H]2CC[C@@]1(CS(=O)(=O)N1CCN(c3ccc(C(F)(F)F)cn3)CC1)C(=O)C2,3.8,445.5070000000002,2.9476000000000013,0,5,70.58000000000001,4,30,0.20692039,0.7930796,Yes,Yes,Yes,Yes,Yes,Yes,continuous
CHEMBL289330,CCN1CCC[C@H]1CNC(=O)c1cc(Br)cc(OC)c1OC,1.2,371.27500000000015,2.6804000000000006,1,4,50.80000000000001,6,22,0.6541933,0.34580675,Yes,Yes,Yes,Yes,Yes,Yes,continuous
CHEMBL1333961,Nc1[nH]nc2cccc(Cl)c12,1.92,167.59899999999996,1.7984999999999998,2,2,54.7,0,11,0.46403134,0.53596866,Yes,Yes,No,Yes,Yes,No,continuous
CHEMBL516441,CC[C@H](NC(=O)c1c(N)c(-c2cccc(F)c2)nc2ccccc12)c1ccccc1,4.05,399.4690000000001,5.5042000000000035,2,3,68.01,5,30,0.13303679,0.8669632,Yes,No,Yes,Yes,Yes,No,continuous
CHEMBL595,CCc1ccc(CCOc2ccc(CC3SC(=O)NC3=O)cc2)nc1,2.8,356.44700000000006,3.159600000000001,1,5,68.28999999999999,7,25,0.36577153,0.63422847,Yes,Yes,Yes,Yes,Yes,Yes,continuous
CHEMBL469790,COc1cc(-n2nnc3cc(-c4ccc(Cl)cc4)sc3c2=O)ccc1N1CC[C@@H](O)C1,3.15,454.9390000000003,3.742200000000002,1,8,80.48,4,31,0.46685362,0.5331464,Yes,Yes,Yes,Yes,Yes,Yes,continuous
CHEMBL2012204,Cc1cc([C@H](O)[C@](C)(OCc2ccc(-c3ccccc3)cc2)C(=O)NO)no1,2.88,382.41600000000005,3.16432,3,6,104.82000000000001,7,28,0.3483374,0.6516626,Yes,Yes,Yes,Yes,Yes,Yes,continuous
CHEMBL1682821,O=C(Oc1ccc2c(c1)OCCC2=O)c1ccccc1,3.6,268.2679999999999,2.8710000000000013,0,4,52.6,2,20,0.27949774,0.72050226,Yes,Yes,Yes,Yes,Yes,Yes,continuous
CHEMBL279200,c1ccc2c(OCC3=NCCN3)cccc2c1,0.68,226.279,2.2203,1,3,33.62,3,17,0.37057883,0.6294212,Yes,Yes,No,Yes,Yes,Yes,continuous
CHEMBL1329237,CCN(CC)c1ccc(-c2nn3c(-c4[nH]nc5c4CCC5)nnc3s2)cc1,3.37,379.4930000000001,3.5778000000000025,1,7,75.0,5,27,0.046725392,0.9532746,Yes,Yes,Yes,Yes,Yes,Yes,continuous
CHEMBL1762541,Cc1ccc(CO)cc1N(C)c1ccnc(Nc2cc(CN3CCOCC3)cc(N3CCOCC3)c2)n1,3.0,504.6350000000005,3.457620000000002,2,9,86.22,8,37,0.09083152,0.9091685,Yes,No,No,Yes,Yes,Yes,continuous
CHEMBL336546,O=C(Nc1cc(C(F)(F)F)cc(C(F)(F)F)c1)c1cnc(Cl)nc1C(F)(F)F,1.8,437.649,5.438700000000002,1,3,54.88,2,28,0.21537787,0.78462213,Yes,No,Yes,Yes,Yes,No,continuous
CHEMBL94191,COc1cc2ncnc(Nc3ccccc3)c2cc1OC,3.04,281.31500000000005,3.390600000000002,1,5,56.27000000000001,4,21,0.19112736,0.80887264,Yes,Yes,Yes,Yes,Yes,Yes,continuous
CHEMBL254370,CC[C@@H](Nc1c(Nc2cccc(C(=O)N(C)C)c2O)c(=O)c1=O)c1ccccc1,2.14,393.4430000000001,2.9968000000000012,3,6,98.73999999999998,7,29,0.29850775,0.70149225,Yes,Yes,Yes,Yes,Yes,Yes,continuous
CHEMBL1084762,O=C(O)C[C@@H]1c2ccccc2C[C@H]1NC(=O)c1cc2sc(Cl)c(Cl)c2[nH]1,2.53,409.29400000000004,4.449200000000002,3,3,82.19,4,26,0.6549743,0.34502572,Yes,Yes,Yes,Yes,Yes,Yes,continuous
CHEMBL115523,O=C(Nc1ccccc1)c1ccccc1,2.8,197.237,2.938900000000001,1,1,29.1,2,15,0.3980707,0.6019293,Yes,Yes,No,Yes,Yes,No,continuous
CHEMBL1824030,O=C1COc2ccc(CNC3CCN(CCN4C(=O)COc5ccc(O)cc54)CC3)nc2N1,0.52,453.4990000000002,1.0976999999999997,3,8,116.26,6,33,0.81984764,0.18015236,Yes,Yes,Yes,Yes,Yes,Yes,continuous
CHEMBL253741,COc1cc(Nc2cc(Nc3c(Cl)ccc4c3OCO4)ncn2)cc(OC)c1OC,3.07,430.84800000000024,4.371700000000002,2,9,95.99000000000001,7,30,0.17991674,0.82008326,Yes,Yes,Yes,Yes,Yes,Yes,continuous
CHEMBL144960,O=c1ccoc2cc(OCc3ccccc3)ccc12,3.33,252.269,3.3720000000000026,0,3,39.44,3,19,0.26152855,0.73847145,Yes,Yes,No,Yes,Yes,Yes,continuous
CHEMBL100913,Oc1ccc(-c2ccc(C3(O)CN4CCC3CC4)cc2)cc1,0.95,295.38199999999995,2.9724000000000013,2,3,43.7,2,22,0.4806853,0.5193147,Yes,Yes,Yes,Yes,Yes,Yes,continuous
CHEMBL261237,N#C/C(=C(/N)Sc1ccc(N)cc1)c1ccccc1C(F)(F)F,3.3,335.35400000000004,4.230780000000001,2,4,75.83,3,23,0.3542158,0.6457842,Yes,Yes,Yes,Yes,Yes,Yes,continuous
CHEMBL1698351,Cc1cnc(NC(=O)C2C(=O)c3ccccc3S(=O)(=O)N2C)s1,0.3,351.40900000000005,1.27562,1,6,96.43999999999998,2,23,0.37101513,0.62898487,Yes,Yes,Yes,Yes,Yes,Yes,continuous
CHEMBL1834184,CCC(=O)N[C@H]1CC[C@@H](C(=O)N(C)c2ccc(-c3nc4ccccc4o3)cc2)C1,3.4,391.4710000000001,4.152500000000003,1,4,75.44,5,29,0.15124863,0.84875137,Yes,Yes,Yes,Yes,Yes,Yes,continuous
CHEMBL1398535,N#Cc1cnn(-c2ccccc2)c1NC(=O)c1ccccc1F,1.7,306.3,3.1353800000000014,1,4,70.71000000000001,3,23,0.5162833,0.48371673,Yes,Yes,Yes,Yes,Yes,Yes,continuous
CHEMBL2165057,COc1ccc2ncc(=O)n(CCN3CC[C@@H](NCc4ccc5c(n4)NC(=O)CO5)[C@@H](OC)C3)c2c1,0.51,494.5520000000003,1.010100000000001,2,10,119.84,8,36,0.8111104,0.18888962,Yes,Yes,No,Yes,Yes,Yes,continuous
CHEMBL1917442,Cc1ccc2c(c1)c(Sc1ccccc1Cl)c(C)n2CC(=O)O,1.71,345.85100000000017,5.147340000000003,1,3,42.230000000000004,4,23,0.55555594,0.44444406,Yes,No,Yes,Yes,Yes,No,continuous
CHEMBL2035027,NC1(c2ccc(-c3ncc4ccccc4c3-c3ccccc3)cc2)CCC1,3.6,350.46500000000015,5.906700000000003,1,2,38.91,3,27,0.4390642,0.5609358,No,No,No,Yes,No,No,continuous
CHEMBL1730736,C#CC(C)(C)NC(=O)c1sccc1Oc1ccc(F)cc1[N+](=O)[O-],3.0,348.3550000000001,3.729300000000003,1,5,81.47,5,24,0.2515663,0.7484337,Yes,Yes,Yes,Yes,Yes,Yes,continuous
CHEMBL404108,Cc1ccc(Nc2c(F)cccc2Cl)c(CC(=O)O)c1,1.02,293.725,4.158220000000002,2,2,49.33,4,20,0.63290274,0.36709726,Yes,Yes,Yes,Yes,Yes,Yes,continuous
CHEMBL113690,CCCCn1c(Cc2cc(OC)c(OC)c(OC)c2)nc2c(N)ncnc21,2.39,371.44100000000003,2.8252000000000006,1,8,97.31,8,27,0.518279,0.48172098,Yes,Yes,Yes,Yes,Yes,Yes,continuous
CHEMBL2011910,CNc1c(Br)cnc2[nH]c(-c3cccc(N)c3)nc12,2.96,318.1780000000001,3.0113000000000003,3,4,79.62,2,19,0.5048832,0.49511677,Yes,Yes,No,Yes,Yes,Yes,continuous
CHEMBL2314504,Cn1c(C(=O)O)c(CCCOc2cccc3ccccc23)c2ccccc21,2.99,359.42500000000007,5.041300000000004,1,3,51.46000000000001,6,27,0.16222334,0.83777666,Yes,No,Yes,Yes,Yes,No,continuous
CHEMBL509881,Cc1ncc(-c2nc(Nc3ccc(C(N)=O)cc3)ncc2F)n1C(C)C,2.7,354.38900000000007,3.211020000000002,2,6,98.72,5,26,0.3592869,0.6407131,Yes,Yes,Yes,Yes,Yes,Yes,continuous
CHEMBL1977402,Cc1cc(S(=O)(=O)Nc2nc(Nc3ccc(Cl)cc3)n[nH]2)c(S)cc1Cl,2.09,430.3420000000001,4.253020000000001,4,6,99.77000000000001,5,26,0.3124082,0.6875918,Yes,Yes,Yes,Yes,Yes,Yes,continuous
CHEMBL169473,COc1cccc(Nc2ncnc3cc(OC)c(OC)cc23)c1,3.1,311.34100000000007,3.3992000000000013,1,6,65.5,5,23,0.15460056,0.84539944,Yes,Yes,Yes,Yes,Yes,Yes,continuous
CHEMBL85752,CC(C)Cn1c(=O)n(C)c(=O)c2c(SCCCO)n(Cc3cccc4ccccc34)cc21,4.36,451.5920000000001,3.833700000000002,1,7,69.16,8,32,0.2086814,0.7913186,Yes,Yes,Yes,Yes,Yes,Yes,continuous
CHEMBL496929,O=C(Nc1ccc(CCO)cc1)c1cc2cc(Cl)ccc2[nH]1,3.85,314.772,3.6084000000000014,3,2,65.12,4,22,0.29470938,0.7052906,Yes,Yes,Yes,Yes,Yes,Yes,continuous
CHEMBL2030436,CS(=O)(=O)Cc1cc(N2CCOCC2)nc(-c2ccc3[nH]ccc3c2)n1,2.06,372.45,2.0061,1,6,88.17999999999999,4,26,0.47711962,0.5228804,Yes,Yes,Yes,Yes,Yes,Yes,continuous
CHEMBL42,CN1CCN(C2=Nc3cc(Cl)ccc3Nc3ccccc32)CC1,3.08,326.83100000000013,3.7227000000000023,1,4,30.869999999999997,0,23,0.18892801,0.811072,Yes,Yes,Yes,Yes,Yes,Yes,continuous
CHEMBL520742,COc1cc2ncc(C(N)=O)c(Nc3ccc(F)cc3)c2cc1OC,2.82,341.3420000000001,3.233600000000001,2,5,86.47000000000001,5,25,0.25723207,0.74276793,Yes,Yes,Yes,Yes,Yes,Yes,continuous
CHEMBL2088120,CC(C)Cn1c(=O)n(C)c(=O)c2c(-c3cncn3C)n(Cc3cccc4ccccc34)nc21,4.1,442.5230000000002,3.154700000000001,0,8,79.64,5,33,0.03167808,0.9683219,Yes,Yes,Yes,Yes,Yes,Yes,continuous
CHEMBL522460,Cc1ccccc1CN1CCC(N2CCC(n3c(=O)[nH]c4ccccc43)CC2)CC1,2.68,404.5580000000002,3.9395200000000026,1,4,44.269999999999996,4,30,0.34249473,0.6575053,Yes,Yes,Yes,Yes,Yes,Yes,continuous
CHEMBL13589,Nc1ncnc(Nc2ccccc2)n1,1.4,187.20600000000002,1.1974,2,5,76.72,2,14,0.34892523,0.65107477,Yes,Yes,No,Yes,Yes,No,continuous
CHEMBL208118,COc1cc2ncnc(Nc3cccc(Cl)c3F)c2cc1CN(C)[C@H](C)C(N)=O,3.44,417.87200000000024,3.480100000000002,2,6,93.37,7,29,0.1481409,0.8518591,Yes,Yes,Yes,Yes,Yes,Yes,continuous
CHEMBL90531,O=[N+]([O-])c1ccc2c(c1)N(c1cccc[n+]1[O-])CC(C(F)F)(C(F)F)O2,3.2,373.26199999999994,3.027700000000001,0,5,82.55000000000001,4,26,0.42963636,0.57036364,Yes,Yes,Yes,Yes,Yes,Yes,continuous
CHEMBL181913,CN(C(=O)Cc1ccc(S(N)(=O)=O)cc1)C1CCN(CCC(c2ccccc2)c2ccccc2)CC1,2.3,505.6840000000003,4.021500000000003,1,4,83.71,9,36,0.41177946,0.58822054,Yes,No,No,Yes,Yes,Yes,continuous
CHEMBL245908,O=C(O)COc1ccc(Cl)cc1C1CCCCC1,0.93,268.73999999999995,3.8511000000000033,1,2,46.53,4,18,0.6649784,0.33502164,Yes,Yes,No,Yes,Yes,Yes,continuous
CHEMBL2153174,O=S(=O)(Cc1c(F)cccc1F)N1CCN(c2ncccc2C(F)(F)F)CC1,3.9,421.39100000000013,3.0306000000000015,0,4,53.510000000000005,4,28,0.28852737,0.71147263,Yes,Yes,Yes,Yes,Yes,Yes,continuous
CHEMBL1527751,Oc1ncnc2scc(-c3ccsc3)c12,2.25,234.305,3.125400000000001,1,5,46.010000000000005,1,15,0.47587502,0.524125,Yes,Yes,No,Yes,Yes,Yes,continuous
CHEMBL453655,CNC(=O)c1ccc(Nc2ncc(F)c(-c3cnc(C)n3C(C)C)n2)cc1,3.0,368.4160000000001,3.471720000000002,2,6,84.73,5,27,0.2877102,0.7122898,Yes,Yes,Yes,Yes,Yes,Yes,continuous
CHEMBL1934413,Cc1ccc(S(=O)(=O)Nc2c(C(=O)N[C@@H](C)C(C)(C)C)c(C)nn2C2CCC2)cc1,1.57,432.59000000000026,4.190140000000003,2,5,93.09,6,30,0.6403103,0.35968974,Yes,Yes,Yes,Yes,Yes,Yes,continuous
CHEMBL334492,O=c1[nH][nH]c(=O)c2c1[nH]c1cc(Cl)cc(Cl)c12,1.02,270.075,2.0044999999999993,3,2,81.50999999999999,0,17,0.6076093,0.39239076,Yes,Yes,No,Yes,Yes,Yes,continuous
CHEMBL1915315,O=c1oc2cc(O)ccc2cc1-c1ccc(O)cc1,2.9,254.24099999999999,2.871200000000001,2,4,70.67,1,19,0.30791134,0.69208866,Yes,Yes,No,Yes,Yes,Yes,continuous
CHEMBL1287891,NC(=O)c1cnc(N[C@H]2CCCNC2)c2cc(-c3ccncc3)sc12,0.77,353.45099999999996,2.6211,3,6,92.93,4,25,0.71277934,0.28722066,Yes,Yes,Yes,Yes,Yes,Yes,continuous
CHEMBL573108,CC(C)(C(N)=O)C(=O)NCCCNc1nc(Nc2cccc(NC(=O)N3CCCC3)c2)ncc1Br,2.32,547.4580000000003,3.0401000000000007,5,7,154.37,10,35,0.25295633,0.74704367,No,No,No,No,No,No,continuous
CHEMBL48190,COC(=O)COc1ccc(OCCNCC(O)COc2ccccc2)cc1,1.54,375.42100000000005,1.646699999999999,2,7,86.25000000000001,12,27,0.76847655,0.23152347,Yes,Yes,Yes,No,Yes,Yes,continuous
CHEMBL2087622,Cc1cc(C#N)oc1-c1c2c(=O)n(C)c(=O)n(CC3CC3)c2nn1Cc1ccnc2ccc(Cl)cc12,4.34,500.9460000000003,3.9967000000000033,0,9,111.64,5,36,0.038586676,0.9614133,Yes,No,No,Yes,Yes,Yes,continuous
CHEMBL2042442,O=c1cc(-c2ccco2)[nH]c2ccccc12,2.21,211.22,2.7881,1,2,46.0,1,16,0.4246539,0.5753461,Yes,Yes,No,Yes,Yes,Yes,continuous
CHEMBL113187,Cc1cc(COC(=O)Nc2ccc(-c3ccccc3)n(CC(=O)NC(C(=O)C(F)(F)F)C(C)C)c2=O)cc(C)n1,2.38,558.5570000000001,4.548040000000003,2,7,119.39,9,40,0.34364647,0.65635353,Yes,No,No,Yes,Yes,Yes,continuous
CHEMBL181502,CN(C(=O)C1CCC1)C1CCN(CCC(c2ccccc2)c2ccccc2)CC1,3.2,390.5710000000001,4.931500000000005,0,2,23.550000000000004,7,29,0.20580077,0.7941992,Yes,Yes,Yes,Yes,Yes,Yes,continuous
CHEMBL1770477,CCOc1ccc2oc(C(=O)NC(CCSC)c3nc4ncccc4[nH]3)c(C)c2c1,4.23,424.5260000000001,4.635420000000003,2,6,93.03999999999999,8,30,0.2362516,0.7637484,Yes,Yes,Yes,Yes,Yes,Yes,continuous
CHEMBL1232567,Oc1ccnc2ccccc12,0.8,145.16099999999997,1.9404,1,2,33.120000000000005,0,11,0.4351521,0.5648479,Yes,Yes,No,Yes,Yes,No,continuous
CHEMBL147405,CC(=O)NC[C@H]1CN(c2ccc(-n3ccc(C#N)c3)c(F)c2)C(=O)O1,1.6,342.3300000000001,1.9493799999999997,1,5,87.36,4,25,0.71424025,0.28575975,Yes,Yes,Yes,Yes,Yes,Yes,continuous
CHEMBL212777,Cc1ccc2c(c1)c(-c1ccnc3cc(Cl)ccc13)c(C)n2CC(=O)O,1.59,364.83200000000016,5.211340000000003,1,3,55.120000000000005,3,26,0.5303457,0.4696543,Yes,No,Yes,Yes,Yes,No,continuous
CHEMBL1534781,COc1cnc(-c2ccccn2)nc1N(C)c1ccccc1,2.79,292.342,3.315100000000002,0,5,51.14000000000001,4,22,0.4319135,0.5680865,Yes,Yes,Yes,Yes,Yes,Yes,continuous
CHEMBL261454,c1ccc(-c2n[nH]cc2-c2ccnc3ccccc23)nc1,2.57,272.31100000000004,3.6869000000000014,1,3,54.46,2,21,0.40009177,0.59990823,Yes,Yes,Yes,Yes,Yes,Yes,continuous
CHEMBL339212,CNC(=O)C1(N2CCCCC2=O)CCN(CC[C@H](CN(C)C(=O)c2cc(C#N)cc3ccccc23)c2ccc(Cl)c(Cl)c2)CC1,2.5,648.635,5.857280000000007,1,5,96.75,9,45,0.30694717,0.6930528,No,No,No,Yes,Yes,No,continuous
CHEMBL1515,Cn1cc[nH]c1=S,-0.42,114.173,1.08269,1,2,20.72,0,7,0.67922986,0.32077014,Yes,Yes,No,Yes,Yes,No,continuous
CHEMBL1682948,CC[C@H](NC(=O)c1c([S+](C)[O-])c(-c2ccc(F)cc2)nc2ccccc12)c1ccccc1,3.72,446.5470000000001,5.659400000000005,1,3,65.05,6,32,0.090653,0.909347,No,No,No,Yes,Yes,No,continuous
CHEMBL474484,CC(C)CNc1nc(C#N)nc(N2CCNCC2)c1N,0.7,275.35999999999996,0.407980000000001,3,7,102.89,4,20,0.47471094,0.52528906,Yes,Yes,Yes,Yes,Yes,Yes,continuous
CHEMBL273575,CN1Cc2c(N)cccc2C(c2ccccc2)C1,2.08,238.334,2.8461000000000016,1,2,29.259999999999998,1,18,0.5118334,0.48816657,Yes,Yes,No,Yes,Yes,Yes,continuous
CHEMBL2086675,CC(C)(C)OC(=O)N1CCN(c2ncc(OCc3ccncc3)cn2)CC1,3.4,371.4410000000001,2.5077000000000007,0,7,80.68,4,27,0.1285643,0.8714357,Yes,Yes,Yes,Yes,Yes,Yes,continuous
CHEMBL968,CCN(CC)CCN1C(=O)CN=C(c2ccccc2F)c2cc(Cl)ccc21,2.38,387.88600000000014,4.004900000000003,0,3,35.91,6,27,0.304223,0.695777,Yes,Yes,Yes,Yes,Yes,Yes,continuous
CHEMBL1945297,CC(Cc1cccc(CNCCc2c(Cl)cccc2Cl)c1)NC[C@H](O)c1ccc(O)c2[nH]c(=O)sc12,2.41,546.5200000000001,5.1885000000000066,5,6,97.38,11,36,0.36149174,0.63850826,No,No,No,No,Yes,No,continuous
CHEMBL2062570,CC(=O)Nc1ccc2ccn(-c3cc(Nc4ccn(C)n4)n4ncc(C#N)c4n3)c2c1,3.57,411.42900000000014,2.980380000000001,2,9,117.86,4,31,0.40372288,0.5962771,Yes,Yes,Yes,Yes,Yes,Yes,continuous
CHEMBL1223459,Cc1cc2n[nH]c(=O)n2c2cc(-c3cccnc3)ccc12,2.72,276.29900000000004,2.546220000000001,1,4,63.05,1,21,0.39606106,0.60393894,Yes,Yes,Yes,Yes,Yes,Yes,continuous
CHEMBL397983,CCOc1ccc(-n2c([C@@H](C)N(Cc3cccnc3)C(=O)Cc3ccc(OC(F)(F)F)cc3)nc3ncccc3c2=O)cc1,3.7,603.6010000000002,5.8055000000000065,0,8,99.44,10,44,0.30706507,0.69293493,No,No,No,Yes,Yes,No,continuous
CHEMBL1503415,O=c1cc(O)oc2c1c(=O)n(-c1ccccc1)c1ccccc21,0.96,305.28900000000004,2.8027000000000006,1,5,72.44,1,23,0.54106253,0.45893747,Yes,Yes,Yes,Yes,Yes,Yes,continuous
CHEMBL2218940,N#C/C(=C(\N)Sc1ccc(N)cc1)c1ccccc1C(F)(F)F,3.4,335.35400000000004,4.230780000000001,2,4,75.83,3,23,0.3542158,0.6457842,Yes,Yes,Yes,Yes,Yes,Yes,continuous
CHEMBL1290746,Cc1ccc(C(=O)Nc2ccon2)cc1NC(=O)c1cnn(-c2ccccc2F)c1N,2.6,420.40400000000017,3.3946200000000006,3,7,128.07,5,31,0.32938933,0.67061067,Yes,Yes,Yes,Yes,Yes,Yes,continuous
CHEMBL1916532,COc1ccc2ncc(F)c(CCN3CCC(NCc4cc5c(cn4)OCCO5)CC3)c2n1,1.46,453.5180000000003,2.740400000000001,1,8,81.63000000000001,7,33,0.48411018,0.5158898,Yes,Yes,Yes,Yes,Yes,Yes,continuous
CHEMBL2314383,CC(C)c1ccc(Sc2cnc(O)c(C(=O)NCc3ccccc3)c2)cc1,3.7,378.49700000000007,4.991800000000004,2,4,62.220000000000006,6,27,0.42388564,0.57611436,Yes,Yes,Yes,Yes,Yes,Yes,continuous
CHEMBL2170994,Nc1ncnc2c1ncn2[C@@H]1O[C@H](CSCCCNC(=O)Nc2ccc(Cl)cc2)[C@@H](O)[C@H]1O,2.5,493.9770000000001,1.6260999999999994,5,10,160.44,8,33,0.34388155,0.65611845,No,Yes,No,No,No,No,continuous
CHEMBL1409708,CN(C)c1ccnc2sc(C(N)=O)c(N)c12,1.7,236.29999999999995,1.0434,2,5,85.24000000000001,2,16,0.48255444,0.51744556,Yes,Yes,No,Yes,Yes,Yes,continuous
CHEMBL1762534,COc1cccc(N(C)c2ccnc(Nc3cc(N4CCOCC4)cc(N4CCOCC4)c3)n2)n1,3.37,477.56900000000047,3.0649000000000015,1,10,88.11,7,35,0.25461525,0.74538475,Yes,Yes,Yes,Yes,Yes,Yes,continuous
CHEMBL1330968,Cc1occc(=O)c1OCc1ccccc1,1.87,216.236,2.5272200000000007,0,3,39.44,3,16,0.3568172,0.6431828,Yes,Yes,No,Yes,Yes,Yes,continuous
CHEMBL366205,O=C(C(=O)c1cc(Br)ccc1O)c1cc(Br)ccc1O,3.85,400.02200000000005,3.688400000000001,2,4,74.60000000000001,3,20,0.4231615,0.5768385,Yes,Yes,Yes,Yes,Yes,Yes,continuous
CHEMBL1194759,CCCC1CCCCC(N)=N1,1.1,154.257,2.0863,1,2,38.379999999999995,2,11,0.40811175,0.59188825,Yes,Yes,No,Yes,Yes,No,continuous
CHEMBL239513,O=C(COc1ccccc1)c1ccccc1,2.87,212.248,2.9483000000000015,0,2,26.3,4,16,0.4292761,0.5707239,Yes,Yes,No,Yes,Yes,Yes,continuous
CHEMBL2164746,COc1ccc2ncc(=O)n(CCN3CC[C@H](NCc4ccc5c(n4)NC(=O)CO5)[C@H](O)C3)c2c1,0.39,480.52500000000026,0.35600000000000087,3,10,130.84,7,35,0.8612783,0.13872173,Yes,Yes,No,Yes,Yes,Yes,continuous
CHEMBL128782,COc1c(C#N)cc2ccccc2c1C(=O)N(C)C[C@@H](CCN1CCC(N2CCCNC2=O)CC1)c1ccc(Cl)c(Cl)c1,3.0,622.5970000000003,6.152480000000007,1,5,88.91,9,43,0.49427527,0.5057247,No,No,No,Yes,No,No,continuous
CHEMBL1467518,OC(c1ccccc1)c1cccnc1,1.72,185.226,2.1632999999999996,1,2,33.120000000000005,2,14,0.6078427,0.3921573,Yes,Yes,No,Yes,Yes,No,continuous
CHEMBL155103,CCOC(=O)c1cc2ccc(O)cc2oc1=O,1.2,234.20699999999997,1.6752999999999998,1,5,76.74000000000001,2,17,0.50160575,0.49839425,Yes,Yes,No,Yes,Yes,Yes,continuous
CHEMBL390191,Cc1nc(CSc2nc(N[C@H](C)CO)c3sc(N)nc3n2)cs1,1.73,368.5130000000001,2.51842,3,10,109.84,6,23,0.5551667,0.4448333,Yes,Yes,Yes,Yes,Yes,Yes,continuous
CHEMBL16687,Nc1nc2ccc(Cl)cc2c2nc(-c3ccco3)nn12,3.98,285.694,2.7731000000000012,1,6,82.24,1,20,0.46096504,0.53903496,Yes,Yes,Yes,Yes,Yes,Yes,continuous
CHEMBL1233,CCCC(C)(COC(N)=O)COC(=O)NC(C)C,2.01,260.334,2.0227,2,4,90.65,7,18,0.72448534,0.27551466,Yes,Yes,No,Yes,Yes,Yes,continuous
CHEMBL2216870,CC[C@H](Nc1ncnc2[nH]cnc12)c1nc2cccc(F)c2c(=O)n1-c1ccccc1,2.72,415.43200000000013,3.7543000000000015,2,7,101.38000000000002,5,31,0.48822606,0.51177394,Yes,Yes,Yes,Yes,Yes,Yes,continuous
CHEMBL1412475,Cc1cc(O)nc(-n2nc(C)c(Oc3ccccc3O)c2C)n1,1.4,312.32900000000006,2.7910600000000008,2,7,93.29,3,23,0.4146797,0.5853203,Yes,Yes,Yes,Yes,Yes,Yes,continuous
CHEMBL2087848,CC#CCn1c(=O)c2c(-c3cncn3C)n(Cc3ccnc4ccc(Cl)cc34)nc2n(CC2CC2)c1=O,3.61,513.9890000000003,3.4434000000000022,0,9,92.53,6,37,0.20609915,0.79390085,Yes,No,No,Yes,Yes,Yes,continuous
CHEMBL1688458,O=C(O)CCc1ccc(OCc2cccc(Oc3ccccc3)c2)cc1,2.47,348.398,5.0751000000000035,1,3,55.760000000000005,8,26,0.38808286,0.61191714,Yes,No,Yes,Yes,Yes,No,continuous
CHEMBL1312599,O=S(=O)(Nc1ccc2[nH]c(-c3ccc(Br)o3)nc2c1)c1ccccc1,4.38,418.2720000000001,4.386200000000002,2,4,87.99,4,25,0.2195983,0.7804017,Yes,Yes,Yes,Yes,Yes,Yes,continuous
CHEMBL488238,CNC(=O)c1cc(-c2ccccc2)sc1NC(N)=O,3.19,275.333,2.2653,3,3,84.22,3,19,0.4671958,0.5328042,Yes,Yes,No,Yes,Yes,Yes,continuous
CHEMBL1778636,N#Cc1cccc(-c2cc(Cl)ccc2OCC(=O)O)c1,-0.25,287.70199999999994,3.342080000000002,1,3,70.32,4,20,0.786054,0.21394598,Yes,Yes,Yes,Yes,Yes,Yes,continuous
CHEMBL2335123,CCOc1ccccc1-c1ccc(-c2nc3ccc(F)cc3c(C(=O)NCCOCCN)c2C)cc1,2.46,487.57500000000033,5.1201200000000044,2,5,86.47,10,36,0.3833896,0.6166104,No,No,No,Yes,Yes,No,continuous
CHEMBL1082704,O=C(O)CC[C@@H]1c2ccccc2C[C@H]1NC(=O)c1cc2sc(Cl)c(Cl)c2[nH]1,2.84,423.3210000000001,4.839300000000002,3,3,82.19,5,27,0.6976582,0.30234182,Yes,Yes,Yes,Yes,Yes,Yes,continuous
CHEMBL1904754,Cc1nc2ncnn2c(O)c1CCOC(=O)c1ccccc1F,0.99,316.292,1.67692,1,7,89.61000000000001,4,23,0.77149665,0.22850336,Yes,Yes,Yes,Yes,Yes,Yes,continuous
CHEMBL214849,CCCN(CCO)CCCOc1cc2ncnc(Nc3cc(CC(=O)Nc4cccc(F)c4F)[nH]n3)c2cc1OC,1.28,569.613,4.037700000000002,4,9,137.52,15,41,0.27304143,0.7269586,No,No,No,No,No,Yes,continuous
CHEMBL802,Nc1cc(N2CCCCC2)nc(N)[n+]1[O-],0.77,209.25300000000001,-0.13029999999999975,2,5,95.11,1,15,0.4959094,0.5040906,Yes,Yes,No,Yes,Yes,Yes,continuous
CHEMBL2011912,CNc1c(Br)cnc2[nH]c(-c3ccnc(N)c3)nc12,2.83,319.1660000000001,2.4063,3,5,92.51,2,19,0.4699123,0.5300877,Yes,Yes,No,Yes,Yes,Yes,continuous
CHEMBL2335894,COCCC(=O)N[C@@H](C)c1ccc(Nc2ncc3cc(-c4ccncc4)ccc3n2)cc1,3.05,427.5080000000001,4.649100000000003,2,6,89.03,8,32,0.24346972,0.7565303,Yes,Yes,Yes,Yes,Yes,Yes,continuous
CHEMBL396724,O=C(N[C@H]1Cc2ccccc2N(C[C@H](O)CO)C1=O)c1cc2cc(Cl)sc2[nH]1,3.27,419.89000000000004,1.9236999999999993,4,5,105.66,5,28,0.14709288,0.8529071,Yes,Yes,Yes,Yes,Yes,Yes,continuous
CHEMBL1916085,Cc1ccc(S(=O)(=O)Nc2c(C(=O)N(C)C3CCCCC3)cnn2-c2ccccc2)cc1,2.01,452.5800000000002,4.386220000000004,1,5,84.30000000000001,6,32,0.7440152,0.25598478,Yes,Yes,Yes,Yes,Yes,Yes,continuous
CHEMBL1574150,O=C(NC1CCCC1)C(c1ccncc1)N(Cc1ccco1)C(=O)c1ccc(-c2ccccc2)[nH]1,4.36,468.5570000000002,5.112200000000004,2,4,91.22999999999999,8,35,0.08676714,0.91323286,Yes,No,Yes,Yes,Yes,No,continuous
CHEMBL1775161,O=C(O)c1cn(Cc2ccccc2)c2ccccc12,1.19,251.28500000000003,3.387800000000002,1,2,42.23,3,19,0.91977334,0.08022668,Yes,Yes,No,Yes,Yes,Yes,continuous
CHEMBL1321641,N#Cc1nc(N2CCOCC2)nc(N2CCOCC2)n1,1.51,276.29999999999995,-0.5835199999999992,0,8,87.4,2,20,0.35223532,0.6477647,Yes,Yes,No,Yes,Yes,Yes,continuous
CHEMBL130936,O=C(O)c1cc2cc([N+](=O)[O-])ccc2n1Cc1ccc(Cl)c(Cl)c1,1.79,365.172,4.602800000000002,1,4,85.37,4,24,0.40547127,0.59452873,Yes,Yes,Yes,Yes,Yes,Yes,continuous
CHEMBL2011942,NC(=O)c1cnc2[nH]c(-c3ccc(OCCN4CCCCC4)cc3)nc2c1NCCCNC(=O)C1CCC1,2.48,519.6500000000004,3.306800000000001,4,7,138.26000000000002,12,38,0.54641974,0.45358023,No,No,No,No,No,Yes,continuous
CHEMBL1576801,Cc1ccc(C(=O)C2CCN(C(=O)c3ccc(C)cc3)CC2)cc1,3.43,321.4200000000001,4.038540000000004,0,2,37.38,3,24,0.3511126,0.6488874,Yes,Yes,Yes,Yes,Yes,Yes,continuous
CHEMBL295467,CNCCC(Oc1ccccc1OC)c1ccccc1,0.22,271.35999999999996,3.424800000000002,1,3,30.49,7,20,0.7062534,0.29374656,Yes,Yes,Yes,Yes,Yes,Yes,continuous
CHEMBL257659,Cc1cnc2c(N[C@H](C)CO)nc(SCc3cccc(F)c3F)nc2n1,3.55,377.42,3.091420000000001,2,7,83.82000000000001,6,26,0.1895327,0.8104673,Yes,Yes,Yes,Yes,Yes,Yes,continuous
CHEMBL1916539,COc1ccc2ccc(=O)n(CCN3CCC(NCc4cc5c(cn4)OCCO5)CC3)c2c1,1.31,450.5390000000003,2.4305000000000003,1,8,77.85000000000001,7,33,0.7703961,0.22960389,Yes,Yes,Yes,Yes,Yes,Yes,continuous
CHEMBL486232,CC(C)C[C@H](NC(=O)N1CCOCC1)C(=O)N[C@H](/C=C/S(=O)(=O)c1ccccc1)CCc1ccccc1,3.4,527.6870000000002,3.5481000000000025,2,5,104.81,11,37,0.4887892,0.5112108,No,No,No,No,Yes,Yes,continuous
CHEMBL2208436,N#Cc1cccc(OC[C@@H](O)CNC2CCN(Cc3ccc(Cl)c(Cl)c3)CC2)c1,3.09,434.3670000000002,3.8589800000000025,2,5,68.52,8,29,0.39804822,0.6019518,Yes,Yes,Yes,Yes,Yes,Yes,continuous
CHEMBL1807872,O=c1[nH]c2c(O)ccc([C@@H](O)CNCCCOCCNCCc3cccc(Cl)c3)c2s1,-0.03,466.0030000000001,2.810600000000001,5,7,106.61000000000001,13,31,0.73234856,0.26765144,Yes,Yes,Yes,No,Yes,Yes,continuous
CHEMBL119489,CN(C)c1cccc2c(S(N)(=O)=O)cccc12,1.95,250.32299999999995,1.5532,1,3,63.4,2,17,0.60483587,0.39516413,Yes,Yes,No,Yes,Yes,Yes,continuous
CHEMBL1778618,N#Cc1ccc(OCC(=O)O)c(-c2ccccc2)c1,-1.08,253.257,2.6886800000000006,1,3,70.32,4,19,0.8642031,0.13579693,Yes,Yes,No,Yes,Yes,Yes,continuous
CHEMBL2346974,CC(=O)N1CCN(CCOc2ccc(C3CCN(c4ccc5nnc(C(F)(F)F)n5n4)CC3)cc2)CC1,3.2,517.5560000000002,3.070000000000001,0,8,79.10000000000001,6,37,0.28023332,0.7197667,Yes,No,No,Yes,Yes,Yes,continuous
CHEMBL1566034,O=C1CN(C(=O)c2ccco2)c2ccccc2N1,1.21,242.234,1.8785,1,3,62.550000000000004,1,18,0.43453443,0.56546557,Yes,Yes,No,Yes,Yes,Yes,continuous
CHEMBL2153184,CCCSc1nc(NC[C@H]2CC[C@H](C(=O)O)CC2)ccc1C(=O)NC1CCCCC1,2.61,433.6180000000003,4.949100000000004,3,5,91.32,9,30,0.3757155,0.6242845,Yes,Yes,Yes,Yes,Yes,Yes,continuous
CHEMBL1471868,O=C(Nc1ccc(F)cc1)c1cccnc1Oc1ccccc1,3.19,308.312,4.2653000000000025,1,3,51.22,4,23,0.21479487,0.7852051,Yes,Yes,Yes,Yes,Yes,Yes,continuous
CHEMBL454616,Cc1ccc(NC(=O)c2cccc(N(C)S(C)(=O)=O)c2)cc1NC(=O)c1ccc2ncccc2c1,2.8,488.56900000000024,4.443620000000004,2,5,108.47000000000001,6,35,0.1638825,0.8361175,Yes,Yes,No,Yes,Yes,Yes,continuous
CHEMBL1682834,CC(=O)N1CCOc2cc(COc3ccccc3)cnc21,2.8,284.315,2.4059,0,4,51.660000000000004,3,21,0.26787615,0.73212385,Yes,Yes,Yes,Yes,Yes,Yes,continuous
CHEMBL339051,CNC(=O)C1(N2CCCCC2=O)CCN(CC[C@H](CN(C)C(=O)c2c(OC)c(C#N)cc3ccccc23)c2ccc(Cl)c(Cl)c2)CC1,2.78,678.6610000000001,5.865880000000007,1,6,105.98000000000002,10,47,0.3963896,0.6036104,No,No,No,Yes,Yes,No,continuous
CHEMBL2171986,COc1ccc(N2CCN(C(=O)[C@@H]3CCCC[C@H]3C(=O)NCC#N)CC2)cc1,1.6,384.48000000000013,1.7899799999999997,1,5,85.67,5,28,0.5328265,0.46717352,Yes,Yes,Yes,Yes,Yes,Yes,continuous
CHEMBL2180015,CC#Cc1ccnc(-c2cc(C3(C4CC4)N=C(C)C(N)=N3)ccc2O)c1,3.6,344.418,3.2201000000000004,2,5,83.86,3,26,0.45310956,0.54689044,Yes,Yes,Yes,Yes,Yes,Yes,continuous
CHEMBL322318,O=S(=O)(CCCOCCc1nccc2ccccc12)CCNCCc1ccc(O)c2nc(O)sc12,2.35,515.6570000000003,3.4520000000000026,3,9,121.64000000000001,13,35,0.3536765,0.6463235,No,No,No,No,Yes,Yes,continuous
CHEMBL2057336,Cc1ccc(-c2ccc(N)nn2)cc1NC(=O)c1ccc(OCc2ccccn2)cc1,2.47,411.46500000000015,4.260520000000002,2,6,103.02000000000001,6,31,0.4472975,0.5527025,Yes,Yes,Yes,Yes,Yes,Yes,continuous
CHEMBL54429,O=C(Cc1ccc(OCc2ccccc2)cc1)NO,1.92,257.28900000000004,2.3135,2,3,58.56,5,19,0.33473974,0.66526026,Yes,Yes,No,Yes,Yes,Yes,continuous
CHEMBL1458783,Nc1nccc(-c2cccs2)n1,1.75,177.232,1.7872999999999999,1,4,51.8,1,12,0.7046349,0.29536512,Yes,Yes,No,Yes,Yes,No,continuous
CHEMBL300663,CCOc1ccccc1-c1ccc2c(c1)C(=O)C(=O)c1ccccc1-2,2.67,328.367,4.798300000000004,0,3,43.370000000000005,3,25,0.22116488,0.7788351,Yes,Yes,Yes,Yes,Yes,Yes,continuous
CHEMBL1169880,C[C@@H](Oc1ccc(S(C)(=O)=O)cc1C(=O)N1CCN(c2ncc(C(F)(F)F)cc2F)CC1)C(F)(F)F,3.49,543.4610000000002,3.935000000000003,0,6,79.81,5,36,0.34166443,0.65833557,Yes,No,No,Yes,Yes,Yes,continuous
CHEMBL1466,O=c1oc2ccccc2c(O)c1Cc1c(O)c2ccccc2oc1=O,1.22,336.29900000000004,2.9014000000000006,2,6,100.88,2,25,0.63340795,0.36659205,Yes,Yes,Yes,Yes,Yes,Yes,continuous
CHEMBL415521,CCN(CC)C(=O)c1ccc(C(=C2CCNCC2)c2ccccc2)cc1,1.2,348.49,4.353900000000004,1,2,32.34,5,26,0.6827766,0.31722346,Yes,Yes,Yes,Yes,Yes,Yes,continuous
CHEMBL224195,COc1cc(N2CCCN(C)CC2)c2[nH]c(C(=O)Nc3ccc(N4CCOCC4)cc3)cc(=O)c2c1,2.1,491.5920000000003,2.767500000000001,2,7,90.14000000000001,5,36,0.36587483,0.6341252,Yes,Yes,No,Yes,Yes,Yes,continuous
CHEMBL441479,O=C(NCC12CC3CC(CC(C3)C1)C2)c1cccc(Cl)c1Cl,4.37,338.278,4.939600000000004,1,1,29.1,3,22,0.02978301,0.970217,Yes,Yes,Yes,Yes,Yes,Yes,continuous
CHEMBL1807821,O=c1[nH]c2c(O)ccc([C@@H](O)CNCCCOCCOCCc3ccccc3)c2s1,1.09,432.54200000000014,2.5842,4,7,103.81000000000002,13,30,0.6433183,0.35668173,Yes,Yes,Yes,No,Yes,Yes,continuous
CHEMBL1180288,O=c1[nH]n(C(c2ccncc2)C2CC2)c(=O)c2c(O)c3ccc(Cl)cc3nc12,0.7,394.81800000000004,2.9914000000000014,2,6,100.87,3,28,0.7157699,0.28423008,Yes,Yes,Yes,Yes,Yes,Yes,continuous
CHEMBL1231533,O=C1NC(=O)/C(=C/c2ccc3c(c2)OC(F)(F)O3)S1,2.8,285.2269999999999,2.332,1,5,64.63000000000001,1,19,0.6136968,0.3863032,Yes,Yes,No,Yes,Yes,Yes,continuous
CHEMBL1934419,Cc1ccc(S(=O)(=O)Nc2c(C(=O)N[C@@H](C)C(C)(C)C)c(C)nn2C2CCS(=O)(=O)CC2)cc1,0.25,510.68200000000036,3.2148400000000015,2,7,127.22999999999999,6,34,0.6651353,0.33486468,Yes,No,No,Yes,Yes,Yes,continuous
CHEMBL2070947,CS(=O)(=O)c1ccc2nc(N3CCN(C(=O)[C@@H]4CCCC[C@H]4C(=O)NC4(C#N)CC4)CC3)sc2c1,1.49,515.6610000000005,2.3271800000000002,1,8,123.47,5,35,0.6166931,0.38330692,Yes,No,No,Yes,Yes,Yes,continuous
CHEMBL403702,Cc1cnc2nc(SCc3cccc(F)c3F)nc(N[C@H](C)CO)c2n1,3.5,377.4200000000001,3.0914200000000016,2,7,83.82000000000001,6,26,0.18140954,0.81859046,Yes,Yes,Yes,Yes,Yes,Yes,continuous
CHEMBL1288164,NC(=O)c1cnc(N[C@H]2CCCNC2)c2cc(-c3ccc(F)cc3)sc12,2.01,370.453,3.3652000000000015,3,5,80.04,4,26,0.48820657,0.51179343,Yes,Yes,Yes,Yes,Yes,Yes,continuous
CHEMBL347164,COc1ccc(-c2nc(N3CCOCC3)nc(O)c2C#N)cc1,0.2,312.329,1.56608,1,7,91.5,3,23,0.51512885,0.48487112,Yes,Yes,Yes,Yes,Yes,Yes,continuous
CHEMBL2105728,CC1(COc2ccc3c(c2)ncn3-c2ccc3cccc(N4CCC(N)CC4)c3n2)COC1,1.99,443.5510000000004,3.916500000000001,1,7,78.43,5,33,0.3557521,0.6442479,Yes,Yes,Yes,Yes,Yes,Yes,continuous
CHEMBL492671,O=C(c1cc(Cc2n[nH]c(=O)c3ccccc23)ccc1F)N1CCN(C(=O)C2CCCO2)CC1,0.9,464.4970000000004,2.1164,1,5,95.60000000000001,4,34,0.5869325,0.41306752,Yes,Yes,Yes,Yes,Yes,Yes,continuous
CHEMBL516784,NC(=O)Nc1sc(-c2ccc(F)cc2)cc1C(=O)N[C@H]1CCCNC1,1.76,362.4300000000002,2.5266,4,4,96.25,4,25,0.52629864,0.47370136,Yes,Yes,Yes,Yes,Yes,Yes,continuous
CHEMBL256668,C[C@H](CO)Nc1nc(SCc2cccc(F)c2F)nc2[nH]c(=O)cnc12,3.1,379.39200000000005,2.0763,3,7,103.79,6,26,0.27453256,0.72546744,Yes,Yes,Yes,Yes,Yes,Yes,continuous
CHEMBL1223816,NC(=O)c1cccc(O[C@@H]2C[C@@H]3CC[C@H](C2)N3CC2CCCCC2)c1,1.55,342.4830000000001,3.740000000000003,1,3,55.56000000000001,5,25,0.7561235,0.24387653,Yes,Yes,Yes,Yes,Yes,Yes,continuous
CHEMBL2325993,CN(C)CCCC(NC(=O)C1(N)CCN(c2ncnc3[nH]ccc23)CC1)c1ccc(Cl)cc1,1.4,470.0210000000002,3.1083000000000016,3,6,103.17000000000002,8,33,0.38450825,0.61549175,Yes,Yes,Yes,Yes,Yes,Yes,continuous
CHEMBL1346,NC(=O)C(c1ccccc1)(c1ccccc1)[C@@H]1CCN(CCc2ccc3c(c2)CCO3)C1,2.79,426.5600000000003,3.957500000000003,1,3,55.56,7,32,0.52834576,0.47165424,Yes,Yes,Yes,Yes,Yes,Yes,continuous
CHEMBL2035040,NC(=O)c1cnc(-c2ccc(C3(N)CCC3)cc2)c(-c2ccccc2)c1,1.3,343.43,3.852400000000003,2,3,82.0,4,26,0.52400935,0.47599068,Yes,Yes,Yes,Yes,Yes,Yes,continuous
CHEMBL1461445,Cc1sc2ncnc(SCC(=O)N3CCCC3)c2c1C,2.89,307.444,3.0226400000000018,0,5,46.09,3,20,0.4250062,0.5749938,Yes,Yes,Yes,Yes,Yes,Yes,continuous
CHEMBL1774056,Cc1cc(Nc2nc(N[C@@H](C)c3ccc(F)cn3)c(C#N)cc2F)n[nH]1,3.11,355.3520000000001,3.574700000000001,3,6,102.31,5,26,0.35925585,0.64074415,Yes,Yes,Yes,Yes,Yes,Yes,continuous
CHEMBL1809202,COc1cc(N2CCN(C(C)=O)CC2)ccc1Nc1ncc(Cl)c(-c2cnc3c(CO)cccn23)n1,3.1,507.9820000000002,3.3577000000000012,2,9,108.12,6,36,0.09943724,0.90056276,Yes,No,No,Yes,Yes,Yes,continuous
CHEMBL1571558,Nc1[nH]ncc1S(=O)(=O)c1ccccc1,1.1,223.257,0.8247,2,4,88.84,2,15,0.60645974,0.39354023,Yes,Yes,No,Yes,Yes,Yes,continuous
CHEMBL2030960,CNc1cccc(CCOc2ccc(C[C@H](NC(=O)c3c(Cl)cccc3Cl)C(=O)O)cc2C)n1,0.34,502.3980000000002,4.785720000000003,3,5,100.55000000000001,10,34,1.0441407,-0.04414067,Yes,No,No,Yes,Yes,Yes,continuous
CHEMBL2349324,CC(C)C[C@H](CO)Nc1nc(SCc2ccccc2F)nc2nc(N)sc12,4.5,407.54000000000013,3.918800000000002,3,8,96.95,8,27,0.06744343,0.93255657,Yes,Yes,Yes,Yes,Yes,Yes,continuous
CHEMBL2088118,C=CCn1c(=O)c2c(-c3nc(C#N)cn3C)n(Cc3ccnc4ccc(Cl)cc34)nc2n(CC2CC2)c1=O,3.92,526.9880000000002,3.477780000000002,0,10,116.32,7,38,0.033492804,0.9665072,Yes,No,No,Yes,Yes,Yes,continuous
CHEMBL244522,CC(C)(C)c1ccc(-c2n[nH]c(NC(=O)c3ccccc3Cl)c2Br)cc1,4.3,432.7490000000001,6.042400000000003,2,2,57.78,3,26,0.19995856,0.80004144,No,No,No,Yes,No,No,continuous
CHEMBL103482,CCOC(=O)c1cnc2c(N)cccc2c1O,0.9,232.239,1.6993,2,5,85.44,2,17,0.4406544,0.5593456,Yes,Yes,No,Yes,Yes,Yes,continuous
CHEMBL1180267,CC(c1ccccn1)n1[nH]c(=O)c2nc3cc(Cl)ccc3c(O)c2c1=O,0.51,368.78000000000014,2.6013000000000006,2,6,100.87,2,26,0.58765614,0.41234383,Yes,Yes,Yes,Yes,Yes,Yes,continuous
CHEMBL212731,CCN(C(=O)Cc1ccc(S(C)(=O)=O)cc1)C1CCN(CC[C@H](c2ccc(S(C)(=O)=O)cc2)c2cccc(F)c2)CC1,2.9,614.8050000000003,4.710300000000005,0,6,91.83000000000001,11,42,0.4062552,0.5937448,No,No,No,No,Yes,No,continuous
CHEMBL218573,CC(C)Cn1c(=O)n(C)c(=O)c2c(C(=O)N3C[C@H](O)CO3)c(Cc3ccccc3C(F)(F)F)sc21,3.15,511.52200000000016,2.7756000000000025,1,8,93.77000000000001,5,35,0.21317798,0.786822,Yes,No,No,Yes,Yes,Yes,continuous
CHEMBL234951,O=C(NC1Cc2ccccc2N(C[C@@H](O)CO)C1=O)c1cc2cc(Cl)sc2[nH]1,3.37,419.89000000000004,1.9236999999999993,4,5,105.66,5,28,0.14709288,0.8529071,Yes,Yes,Yes,Yes,Yes,Yes,continuous
CHEMBL2164688,COc1ccc2[nH]c3c(c2c1)CN(C(=O)[C@@H]1CCCC[C@H]1C(=O)NC1(C#N)CC1)CC3,2.4,420.51300000000026,3.0399800000000017,2,4,98.22,4,31,0.24532115,0.75467885,Yes,Yes,Yes,Yes,Yes,Yes,continuous
CHEMBL1486517,O=C(C1CCN(c2nnc(-n3cccc3)s2)CC1)N1CCN(Cc2ccc3c(c2)OCO3)CC1,2.5,480.5940000000005,2.6183000000000005,0,9,75.96000000000001,5,34,0.25481886,0.74518114,Yes,Yes,No,Yes,Yes,Yes,continuous
CHEMBL1213118,CN1CCN(c2nc3ccccc3cc2Cn2nc(-c3ccc4nc(N)sc4c3)c3c(N)ncnc32)CC1,3.09,522.6420000000003,3.6157000000000012,2,11,127.89999999999999,4,38,0.13105887,0.8689411,No,No,No,Yes,Yes,No,continuous
CHEMBL1829250,CCC(c1nc2ccsc2c(=O)n1Cc1ccc(C)cc1)N(CCCN)C(=O)c1ccc(C)cc1,1.69,488.6570000000003,5.065440000000004,1,6,81.22,9,35,0.5731196,0.42688042,No,No,No,Yes,Yes,No,continuous
CHEMBL517859,CN1CCN(C(=O)c2cc(-c3ccccc3)sc2NC(N)=O)CC1,2.17,344.44000000000017,2.2933000000000003,2,4,78.66999999999999,3,24,0.51560014,0.48439986,Yes,Yes,Yes,Yes,Yes,Yes,continuous
CHEMBL575311,Cc1cc(Oc2ccnc(Nc3ccc(N4CCOCC4)cc3)c2)c(-c2ccccn2)nc1C,2.59,453.5460000000002,5.527940000000005,1,7,72.4,6,34,0.17536676,0.82463324,Yes,No,Yes,Yes,Yes,No,continuous
CHEMBL1606366,Cn1c(SCc2c(Cl)cccc2Cl)nnc1-c1ccc2nonc2c1,3.35,392.2710000000002,4.617400000000003,0,7,69.63,4,25,0.25227845,0.74772155,Yes,Yes,Yes,Yes,Yes,Yes,continuous
CHEMBL1907764,COc1cc2c(Nc3ccc(Br)cc3F)ncnc2cc1OC[C@@H]1CCCN(C)C1,3.05,475.36200000000036,5.004200000000005,1,6,59.51,6,30,0.20149016,0.79850984,Yes,No,Yes,Yes,Yes,No,continuous
CHEMBL2062559,N#Cc1cnn2c(NC3CC3)cc(-c3cccs3)nc12,2.88,281.344,2.903780000000001,1,6,66.01,3,20,0.3345675,0.6654325,Yes,Yes,Yes,Yes,Yes,Yes,continuous
CHEMBL2011908,CNc1c(Br)cnc2[nH]c(-c3ccc(S(C)(=O)=O)cc3)nc12,2.88,381.2550000000001,2.832600000000001,2,5,87.74,3,22,0.44963318,0.5503668,Yes,Yes,Yes,Yes,Yes,Yes,continuous
CHEMBL2031238,Cc1ccc(NC(=O)c2ccoc2)cc1-n1cnc2ccc(N3CCN(C)CC3)cc2c1=O,2.43,443.50700000000035,3.291220000000001,1,7,83.61000000000001,4,33,0.44230908,0.5576909,Yes,Yes,Yes,Yes,Yes,Yes,continuous
CHEMBL358816,O=c1ccc(=O)c2ccccc2[nH]1,1.02,173.17100000000002,0.8883000000000001,1,2,49.93,0,13,0.40880257,0.59119743,Yes,Yes,No,Yes,Yes,No,continuous
CHEMBL1200600,CC(=O)[C@@]1(O)CC[C@H]2[C@@H]3C[C@H](C)C4=CC(=O)C=C[C@]4(C)[C@@]3(F)[C@@H](O)C[C@@]21C,2.65,376.46800000000013,2.923300000000001,2,4,74.6,1,27,0.37650114,0.62349886,Yes,Yes,Yes,Yes,Yes,Yes,continuous
CHEMBL2035017,NC1(c2ccc(-c3nc4ccccc4cc3-c3ccccc3)cc2)CCC1,3.6,350.46500000000015,5.906700000000004,1,2,38.91,3,27,0.3227504,0.6772496,No,No,No,Yes,No,No,continuous
CHEMBL2011918,CNc1c(Br)cnc2[nH]c(-c3ccc(OCCN4CCN(C)CC4)cc3)nc12,2.91,445.36500000000035,3.0553000000000017,2,6,69.31,6,28,0.40934718,0.5906528,Yes,Yes,Yes,Yes,Yes,Yes,continuous
CHEMBL2179271,CC[C@H](c1ccc(C(=O)O)c(Oc2cccc(Cl)c2)c1)N1CCC[C@H](n2cc(C)c(=O)[nH]c2=O)C1,0.22,497.9790000000003,4.7771200000000045,2,6,104.63,7,35,0.79239523,0.2076048,Yes,Yes,No,Yes,Yes,Yes,continuous
CHEMBL1545637,O=C(c1ccc(Cl)cc1)C1CCN(C(=O)c2ccc(F)cc2)CC1,3.49,345.8010000000001,4.2142000000000035,0,2,37.38,3,24,0.12195313,0.8780469,Yes,Yes,Yes,Yes,Yes,Yes,continuous
CHEMBL40,CCC1(c2ccccc2)C(=O)NC(=O)NC1=O,0.05,232.23899999999995,0.7004,2,3,75.27000000000001,2,17,0.5318574,0.46814266,Yes,Yes,No,Yes,Yes,Yes,continuous
CHEMBL249927,O=C(CO)N1CCC[C@@H]1COc1cccc2ncnc(Nc3ccc(OCc4ccccn4)c(Cl)c3)c12,3.71,519.9890000000001,4.362900000000003,2,8,109.7,9,37,0.1156196,0.8843804,Yes,No,No,Yes,Yes,Yes,continuous
CHEMBL1442709,O=c1c2cnn(-c3ccccc3)c2nc(-c2ccco2)n1-c1ccccc1,3.29,354.3690000000001,3.831400000000002,0,6,65.85,3,27,0.62942106,0.37057894,Yes,Yes,Yes,Yes,Yes,Yes,continuous
CHEMBL1079486,CC(=O)NC1CC(C)N(C(=O)c2ccccc2)c2ccccc21,2.0,308.38100000000003,3.302800000000002,1,2,49.410000000000004,2,23,0.3823927,0.6176073,Yes,Yes,Yes,Yes,Yes,Yes,continuous
CHEMBL2142704,CC1CC(=O)Nc2ccccc2N1,0.56,176.219,1.8291999999999997,2,2,41.13,0,13,0.5184883,0.48151174,Yes,Yes,No,Yes,Yes,No,continuous
CHEMBL2153302,CCCOc1nc(N2CCC[C@@H](CC(=O)O)C2)ccc1C(=O)NC1CCCCC1,2.81,403.52300000000025,3.6240000000000023,2,5,91.75999999999999,8,29,0.3805263,0.6194737,Yes,Yes,Yes,Yes,Yes,Yes,continuous
CHEMBL378405,CC(C)Cn1c(=O)n(C)c(=O)c2c(S(=O)(=O)N3CC[C@@H](O)C3)c(Cc3ccccc3C(F)(F)F)sc21,3.32,545.6050000000001,2.782600000000002,1,8,101.61,6,36,0.25404978,0.7459502,Yes,No,No,Yes,Yes,Yes,continuous
CHEMBL1645501,CC(=O)c1ccc2[nH]c(-c3cccnc3)cc(=O)c2c1,1.41,264.284,2.792700000000001,1,3,62.82,2,20,0.42642248,0.5735775,Yes,Yes,Yes,Yes,Yes,Yes,continuous
CHEMBL1586531,O=C(/C=C/Sc1nc[nH]n1)c1ccc(Cl)cc1,3.1,265.725,2.9468000000000005,1,4,58.64,4,17,0.2906838,0.7093162,Yes,Yes,No,Yes,Yes,Yes,continuous
CHEMBL150606,COc1cc2c(Nc3ccc(Cl)cc3F)ncnc2cc1OCCn1cncn1,3.2,414.8280000000002,3.8450000000000033,1,8,86.98,7,29,0.2886166,0.7113834,Yes,Yes,Yes,Yes,Yes,Yes,continuous
CHEMBL113014,CC(C)C(NC(=O)Cn1c(-c2ccccc2)ccc(NC(=O)NCc2ccccn2)c1=O)C(=O)C(F)(F)F,2.15,529.5190000000002,3.504200000000001,3,6,122.19,9,38,0.53531414,0.46468586,Yes,No,No,Yes,Yes,Yes,continuous
CHEMBL291514,COc1cc2ncnc(Nc3ccc(F)c(Cl)c3)c2cc1OCCCN1CCCCC1,3.3,444.93800000000044,5.429300000000005,1,6,59.51000000000001,8,31,0.14420497,0.855795,Yes,No,Yes,Yes,Yes,No,continuous
CHEMBL2178946,Cc1nc(C)c(-c2ccc([C@H]3CC[C@@H](CC(=O)O)CC3)c(Cl)c2)nc1C(N)=O,1.7,401.89400000000006,4.261240000000003,2,4,106.16999999999999,5,28,0.5550987,0.4449013,Yes,Yes,Yes,Yes,Yes,Yes,continuous
CHEMBL1297,CC(C(=O)O)c1cccc(Oc2ccccc2)c1,0.71,242.274,3.6670000000000016,1,2,46.53,4,18,0.8375035,0.1624965,Yes,Yes,No,Yes,Yes,Yes,continuous
CHEMBL183709,CN(C(=O)Cc1ccc(O)cc1)C1CCN(CCC(c2ccccc2)c2ccccc2)CC1,3.3,442.6030000000001,5.079700000000005,1,3,43.78000000000001,8,33,0.17484981,0.8251502,Yes,No,Yes,Yes,Yes,No,continuous
CHEMBL1547746,CCn1c2ccccc2c2cc(NC(=O)C(C)C)ccc21,4.2,280.371,4.408900000000004,1,2,34.03,3,21,0.16813457,0.83186543,Yes,Yes,Yes,Yes,Yes,Yes,continuous
CHEMBL402208,Cc1cc(CN2CCC2)cnc1-c1ccc(C(=O)Nc2ccccc2N)cc1,1.18,372.47200000000015,4.097220000000002,2,4,71.25,5,28,0.64372694,0.35627308,Yes,Yes,Yes,Yes,Yes,Yes,continuous
CHEMBL1835912,CCOC(=O)c1ccc(OCCC2CCN(c3ccc(C)nn3)CC2)nc1,3.76,370.4530000000001,3.0422200000000013,0,7,77.44000000000001,7,27,0.23500615,0.76499385,Yes,Yes,Yes,Yes,Yes,Yes,continuous
CHEMBL2171014,Cc1c(Cl)ccc(OC2CCN(C3CCN(C(=O)NS(=O)(=O)c4ccc(N(C)C)cc4)CC3)CC2)c1Cl,2.0,569.5550000000002,4.773920000000004,1,6,82.19,6,37,0.44498432,0.5550157,Yes,No,No,Yes,Yes,Yes,continuous
CHEMBL560241,Cc1cc(-c2ccc(Cl)c(C(=O)NCC3(O)CCCCCC3)c2)n[nH]1,3.41,361.87300000000016,3.853620000000002,3,3,78.00999999999999,4,25,0.6280949,0.37190512,Yes,Yes,Yes,Yes,Yes,Yes,continuous
CHEMBL135400,CN1CCN(C(=O)OC2c3nccnc3C(=O)N2c2ccc(Cl)cn2)CC1,1.1,388.8150000000001,1.5679999999999998,0,7,91.75999999999999,2,27,0.41984087,0.5801591,Yes,Yes,Yes,Yes,Yes,Yes,continuous
CHEMBL388337,O=c1[nH]n(Cc2cc3ccccc3s2)c(=O)c2c(=O)c3ccc(Cl)cc3[nH]c12,2.0,409.85400000000016,3.447700000000001,2,5,87.72,2,28,0.61217326,0.38782674,Yes,Yes,Yes,Yes,Yes,Yes,continuous
CHEMBL203370,O=c1c2ccc(O)cc2ncn1-c1ccc(O)cc1,1.6,254.245,1.7968999999999995,2,5,75.35,1,19,0.44712627,0.55287373,Yes,Yes,No,Yes,Yes,Yes,continuous
CHEMBL1689125,C[C@H]1CN(Cc2cc(Cl)ccc2OCC(=O)O)C[C@@H](C)N1C(=O)Cc1ccccc1,0.7,430.9320000000002,3.4673000000000025,1,4,70.08,7,30,0.75386614,0.24613388,Yes,Yes,Yes,Yes,Yes,Yes,continuous
CHEMBL1963249,C[C@@H]1CN[C@@H](C2CC2)C(=O)N(C)[C@H](C)C(=O)N[C@H](Cc2ccc(F)cc2)C(=O)NCCCc2ccccc2O1,3.3,538.6640000000003,2.5980000000000025,3,5,99.77000000000001,3,39,0.64769065,0.35230935,Yes,No,No,Yes,Yes,Yes,continuous
CHEMBL1914480,COc1ccc2ncc(=O)n(CCN3CCC(NCc4cc5c(cn4)OCCO5)CC3)c2n1,0.83,452.5150000000003,1.2204999999999993,1,10,103.63000000000001,7,33,0.8037787,0.19622129,Yes,Yes,Yes,Yes,Yes,Yes,continuous
CHEMBL2335908,COc1cc2nc(Nc3ccc([C@@H](C)NC(C)=O)cc3)ncc2cc1-c1ccncc1,3.11,413.4810000000001,4.6411000000000024,2,6,89.03,6,31,0.22183919,0.7781608,Yes,Yes,Yes,Yes,Yes,Yes,continuous
CHEMBL473417,CS(=O)(=O)c1ccc(C(=O)Nc2ccc(Cl)c(-c3ccccn3)c2)c(Cl)c1,2.84,421.30500000000006,4.7112000000000025,1,4,76.13,4,27,0.29520035,0.70479965,Yes,Yes,Yes,Yes,Yes,Yes,continuous
CHEMBL2171215,O=C(NS(=O)(=O)Cc1ccccc1)N1CCC(N2CCC(Oc3ccc(Cl)c(Cl)c3)CC2)CC1,2.13,526.4860000000003,4.540600000000004,1,5,78.95,6,34,0.4936443,0.5063557,Yes,No,No,Yes,Yes,Yes,continuous
CHEMBL2361579,Cc1cc2cc(C)c3nnc(SCC(=O)N4CCN(C(=O)c5ccco5)CC4)n3c2cc1C,2.8,463.5630000000003,3.4774600000000024,0,7,83.95,4,33,0.3793382,0.6206618,Yes,Yes,Yes,Yes,Yes,Yes,continuous
CHEMBL47361,Oc1ccc2nc(-c3ccccc3)sc2c1,3.99,227.28800000000004,3.6689000000000016,1,3,33.120000000000005,1,16,0.039985895,0.9600141,Yes,Yes,No,Yes,Yes,Yes,continuous
CHEMBL315157,CN1CCCC1CCOC(C)(c1ccccc1)c1ccc(Cl)cc1,3.04,343.898,5.104400000000005,0,2,12.47,6,24,0.21336436,0.78663564,Yes,No,Yes,Yes,Yes,No,continuous
CHEMBL2012856,Nc1cc2n[nH]c(=O)n2c2cc(-c3cccs3)ccc12,3.26,282.32800000000003,2.4865000000000004,2,5,76.17999999999999,1,20,0.3501702,0.6498298,Yes,Yes,Yes,Yes,Yes,Yes,continuous
CHEMBL1934269,Cc1ccc(S(=O)(=O)Nc2c(C(=O)N[C@@H](C)C(C)(C)C)c(C)nn2CC(F)(F)F)cc1,0.93,460.52200000000016,4.027440000000004,2,5,93.09,6,31,0.6747281,0.3252719,Yes,Yes,Yes,Yes,Yes,Yes,continuous
CHEMBL1770464,Cc1nc(C(=O)[C@H](C)Oc2ccc(SCCCCCc3ccccc3)cc2)sc1CCCC(=O)O,2.03,511.7090000000003,7.014120000000006,1,6,76.49,15,35,0.59208834,0.4079117,No,No,No,No,No,No,continuous
CHEMBL1231,CCN(CC)CC#CCOC(=O)C(O)(c1ccccc1)C1CCCCC1,3.65,357.4940000000002,3.342900000000002,1,4,49.769999999999996,7,26,0.46415657,0.53584343,Yes,Yes,Yes,Yes,Yes,Yes,continuous
CHEMBL2030442,CS(=O)(=O)Cc1cc(N2CCOCC2)nc(-c2cccc3[nH]ccc23)n1,1.7,372.45,2.0061,1,6,88.17999999999999,4,26,0.3883031,0.6116969,Yes,Yes,Yes,Yes,Yes,Yes,continuous
CHEMBL2171033,O=C(NS(=O)(=O)c1ccccc1)N1CCC(N2CCC(Oc3ccc(Cl)c(Cl)c3)CC2)CC1,1.5,512.4590000000004,4.399500000000004,1,5,78.95,5,33,0.5236604,0.4763396,Yes,No,No,Yes,Yes,Yes,continuous
CHEMBL236779,Nc1nc(CCc2cccc(Br)c2)cc(=O)[nH]1,2.52,294.152,1.8998,2,3,71.77,3,17,0.46195292,0.5380471,Yes,Yes,No,Yes,Yes,Yes,continuous
CHEMBL215275,CCN(CCO)CCCOc1cc2ncnc(Nc3cc(CC(=O)Nc4cccc(F)c4)[nH]n3)c2cc1OC,2.12,537.5960000000002,3.5085000000000015,4,9,137.52,14,39,0.30158705,0.69841295,No,No,No,No,No,Yes,continuous
CHEMBL1951906,CCN(C(=O)Cc1ccc(S(C)(=O)=O)cc1)C1CCN(CC[C@@H](c2ccccc2)C2CCN(S(C)(=O)=O)CC2)CC1,1.05,603.8510000000001,3.791000000000003,0,6,95.07,11,41,0.44532812,0.5546719,No,No,No,No,Yes,No,continuous
CHEMBL11336,COC(=O)Nc1cnc(-c2ccc(F)cc2)n(CC(=O)NC(C(=O)C(F)(F)F)C(C)C)c1=O,1.82,472.39500000000015,2.4999000000000002,2,7,119.38999999999999,7,33,0.37464178,0.6253582,Yes,Yes,Yes,Yes,Yes,Yes,continuous
CHEMBL1917418,Cc1ccc2c(c1)c(Sc1ccc(Cl)cc1)c(C)n2CC(=O)O,2.18,345.85100000000017,5.147340000000003,1,3,42.230000000000004,4,23,0.6549525,0.3450475,Yes,No,Yes,Yes,Yes,No,continuous
CHEMBL430381,OCC(CO)Nc1nc(SCc2cccc(F)c2F)nc2nc(NC3CC3)sc12,3.11,439.5130000000002,2.996200000000001,4,9,103.19,9,29,0.1522156,0.8477844,Yes,Yes,Yes,Yes,Yes,Yes,continuous
CHEMBL2036746,O=C(Nc1ccc(N2CCOCC2)cc1)c1nnc(Nc2ccccc2)o1,3.15,365.39300000000003,2.902100000000001,2,7,92.52000000000001,5,27,0.33019733,0.66980267,Yes,Yes,Yes,Yes,Yes,Yes,continuous
CHEMBL1231683,CC(C)Nc1ccc2cnn(-c3cncc(-n4ccc(CC(=O)O)c4)n3)c2c1,1.24,376.42000000000013,3.053600000000001,2,7,97.86000000000001,6,28,0.95374715,0.046252843,Yes,Yes,Yes,Yes,Yes,Yes,continuous
CHEMBL1939741,CCN(C)C(=O)c1ccc([C@H](c2cccc(NC(=O)C3CCC3)c2)N2CCN(Cc3cccnc3)CC2)cc1,3.27,525.6970000000005,4.819300000000005,1,5,68.78,9,39,0.29433674,0.70566326,Yes,No,No,Yes,Yes,Yes,continuous
CHEMBL1557849,COc1ccc(/C=C2/CCc3ccccc3C2=O)cc1CN1CCOCC1,3.8,363.4570000000002,3.7399000000000022,0,4,38.769999999999996,4,27,0.40458077,0.5954192,Yes,Yes,Yes,Yes,Yes,Yes,continuous
CHEMBL178397,Cc1nc(-c2ccc(CN3CCC(n4c(=O)[nH]c5ccccc54)CC3)cc2)c(-c2ccccc2)[nH]c1=O,3.8,491.5950000000002,4.892420000000004,2,5,86.78,5,37,0.31223476,0.68776524,Yes,Yes,No,Yes,Yes,Yes,continuous
CHEMBL170307,CC(=O)NCc1ccc(CN2CCN(c3ccccc3)CC2)cc1,1.78,323.44000000000005,2.6449000000000007,1,3,35.580000000000005,5,24,0.35793298,0.642067,Yes,Yes,Yes,Yes,Yes,Yes,continuous
CHEMBL1800528,COc1ccnc(CCc2nc3c(C)ccnc3[nH]2)c1,2.1,268.32,2.45512,1,4,63.690000000000005,4,20,0.49188876,0.50811124,Yes,Yes,Yes,Yes,Yes,Yes,continuous
CHEMBL190243,C[C@@H](C(=O)NCCN1CCCC1)c1ccc(OS(=O)(=O)C(F)(F)F)cc1,1.64,394.415,2.2305,1,5,75.71000000000001,7,26,0.54262173,0.4573783,Yes,Yes,Yes,Yes,Yes,Yes,continuous
CHEMBL100945,C#CCN(c1cc(Nc2ccc(OCC(O)CN(C)C)cc2)ncn1)c1cc(Cl)ccc1Cl,2.8,486.40300000000013,4.599600000000004,2,7,73.75,10,33,0.39865243,0.60134757,Yes,Yes,No,Yes,Yes,Yes,continuous
CHEMBL235191,CC(=O)Nc1ccc(C(=O)Nc2ccccc2N)cc1,0.82,269.304,2.4795,3,3,84.22,3,20,0.6760597,0.32394028,Yes,Yes,Yes,Yes,Yes,Yes,continuous
CHEMBL447426,CC(C)[C@@H](CO)NS(=O)(=O)c1ccc(Cl)s1,2.3,283.80199999999996,1.6966999999999999,2,4,66.4,5,16,0.529428,0.47057196,Yes,Yes,No,Yes,Yes,Yes,continuous
CHEMBL1682807,Cn1cnc2cc(C#Cc3ccccc3)cnc21,3.5,233.274,2.3681,0,3,30.71,0,18,0.12837481,0.8716252,Yes,Yes,No,Yes,Yes,Yes,continuous
CHEMBL41,CNCCC(Oc1ccc(C(F)(F)F)cc1)c1ccccc1,1.92,309.33099999999996,4.435000000000003,1,2,21.259999999999998,6,22,0.4868868,0.5131132,Yes,Yes,Yes,Yes,Yes,Yes,continuous
CHEMBL1917433,Cc1c(Sc2ccc(Cl)cc2)c2c(NS(C)(=O)=O)cccc2n1CC(=O)O,0.21,424.9310000000002,4.210420000000003,2,5,88.4,6,27,0.97438526,0.025614714,Yes,Yes,Yes,Yes,Yes,Yes,continuous
CHEMBL1778995,Fc1cccc(-c2cncc(CNCC3CC3)n2)c1F,1.82,275.30199999999996,2.921400000000001,1,3,37.81,5,20,0.437815,0.562185,Yes,Yes,Yes,Yes,Yes,Yes,continuous
CHEMBL184817,O=C(O)CCn1c2ccccc2c2ccccc21,0.6,239.27400000000003,3.2692000000000014,1,2,42.23,3,18,0.87261254,0.12738746,Yes,Yes,No,Yes,Yes,Yes,continuous
CHEMBL510101,COc1ccc(CNCc2ccc(-c3cc(C(N)=O)c(NC(N)=O)s3)cc2)cc1,2.55,410.4990000000001,3.303000000000001,4,5,119.47,8,29,0.59950256,0.40049744,Yes,Yes,Yes,Yes,Yes,Yes,continuous
CHEMBL1197051,CC(COc1ccccc1)NC(C)C(O)c1ccc(O)cc1,0.56,301.386,2.871200000000001,3,4,61.72,7,22,0.7812924,0.2187076,Yes,Yes,Yes,Yes,Yes,Yes,continuous
CHEMBL407848,Cn1c(C#N)ccc1-c1cc(F)c2c(c1)C(C)(C)C(=O)N2,3.21,283.3059999999999,2.9325800000000006,1,3,57.82,1,21,0.4498585,0.5501415,Yes,Yes,Yes,Yes,Yes,Yes,continuous
CHEMBL2048864,O=C1NC(=O)/C(=C/c2cccc(Cl)c2N2CCNCC2)S1,0.68,323.805,2.0735,2,5,61.440000000000005,2,21,0.57264477,0.42735523,Yes,Yes,Yes,Yes,Yes,Yes,continuous
CHEMBL1087399,C[C@H](Nc1nc(Nc2ncc(C#N)s2)cc(N2CCOCC2)n1)c1ncc(F)cn1,2.26,427.4690000000003,2.4871800000000004,2,11,124.77,6,30,0.24848771,0.7515123,Yes,No,Yes,Yes,Yes,No,continuous
CHEMBL1950852,CN[C@@H](C)C(=O)N[C@H](C(=O)N[C@H]1CCCN(CCc2ccccc2OC)C1)C(C)(C)C,1.61,432.6090000000002,1.9571000000000018,3,5,82.7,9,31,0.5482263,0.4517737,Yes,Yes,Yes,Yes,Yes,Yes,continuous
CHEMBL322640,CN(C)CC(O)COc1ccc(Nc2cc(Nc3cc(Cl)ccc3Cl)ncn2)cc1,2.6,448.35400000000016,4.571900000000003,3,7,82.54,9,30,0.33668464,0.66331536,Yes,Yes,Yes,Yes,Yes,Yes,continuous
CHEMBL480818,CC[C@H](NC(=O)c1c(N)c(-c2ccccc2)nc2ccccc12)c1ccccc1,3.89,381.4790000000001,5.3651000000000035,2,3,68.01,5,29,0.14031863,0.85968137,Yes,No,Yes,Yes,Yes,No,continuous
CHEMBL20,CC(=O)Nc1nnc(S(N)(=O)=O)s1,-0.78,222.251,-0.8561000000000003,2,6,115.03999999999999,2,13,0.87203586,0.12796414,Yes,Yes,No,Yes,Yes,Yes,continuous
CHEMBL472151,CC[C@H](C)[C@@H](CO)NS(=O)(=O)c1ccc(Cl)s1,2.7,297.82899999999995,2.0867999999999998,2,4,66.4,6,17,0.52185786,0.47814217,Yes,Yes,No,Yes,Yes,Yes,continuous
CHEMBL450208,COc1cc2ncc(C(N)=O)c(Nc3ccccc3Cl)c2cc1OC,2.89,357.7970000000001,3.7479000000000013,2,5,86.47000000000001,5,25,0.14566886,0.85433114,Yes,Yes,Yes,Yes,Yes,Yes,continuous
CHEMBL2179666,Cc1cn([C@H]2CCCN(Cc3ccc(C(=O)O)c(Oc4cccc(Br)c4)c3)C2)c(=O)[nH]c1=O,-0.51,514.3760000000002,3.935120000000002,2,6,104.63,6,33,1.0943586,-0.09435856,Yes,No,No,Yes,Yes,Yes,continuous
CHEMBL1094168,CS(=O)(=O)c1ccc([C@H](CC2CCCC2)C(=O)Nc2nccs2)cc1,3.88,378.51899999999995,3.8492000000000024,1,5,76.13,6,25,0.08600521,0.9139948,Yes,Yes,Yes,Yes,Yes,Yes,continuous
CHEMBL329785,Nc1nc2ccccc2s1,2.0,150.20599999999996,1.8784999999999998,1,3,38.91,0,10,0.47052878,0.5294712,Yes,Yes,No,Yes,Yes,No,continuous
CHEMBL622,CCc1cccc2c3c([nH]c12)C(CC)(CC(=O)O)OCC3,0.49,287.35900000000004,3.383000000000002,2,2,62.32000000000001,4,21,0.70813143,0.2918686,Yes,Yes,Yes,Yes,Yes,Yes,continuous
CHEMBL60066,O=C(Nc1ccc(F)cc1)c1ccc(Cl)[n+]([O-])c1,1.38,266.659,2.3648,1,2,56.040000000000006,2,18,0.30362898,0.696371,Yes,Yes,No,Yes,Yes,Yes,continuous
CHEMBL469,O=C(c1ccccc1)c1ccc2n1CCC2C(=O)O,-0.93,255.27299999999997,2.291,1,3,59.3,3,19,0.5218344,0.47816563,Yes,Yes,No,Yes,Yes,Yes,continuous
CHEMBL344319,Cc1c(CCC(=O)O)c[nH]c1/C=C1\C(=O)Nc2ccccc21,1.05,296.326,2.833020000000001,3,2,82.19,4,22,0.7008494,0.2991506,Yes,Yes,Yes,Yes,Yes,Yes,continuous
CHEMBL208330,CC(C)Cn1c(=O)n(C)c(=O)c2c(C(=O)N(C)C)c(Cc3ccccc3C(F)(F)F)sc21,2.9,467.5130000000001,3.7291000000000025,0,6,64.31,5,32,0.077169895,0.9228301,Yes,Yes,Yes,Yes,Yes,Yes,continuous
CHEMBL2171020,O=C(c1c[nH]c(=O)c2ccccc12)N1CCC(N2CCC(Oc3ccc(Cl)c(Cl)c3)CC2)CC1,3.51,500.4260000000003,4.982900000000005,1,4,65.64,4,34,0.2610169,0.7389831,Yes,No,No,Yes,Yes,Yes,continuous
CHEMBL2111158,CC(C)NCC(O)COc1nccs1,-0.97,216.306,0.8807999999999996,2,5,54.379999999999995,6,14,0.88037854,0.119621456,Yes,Yes,No,Yes,Yes,Yes,continuous
CHEMBL243001,Cc1nc2ccc(Oc3ccc(F)cc3)cc2c(=O)n1C[C@H]1CCCN(C(C)C)C1,2.4,409.5050000000002,4.756720000000004,0,5,47.36,5,30,0.1253165,0.8746835,Yes,Yes,Yes,Yes,Yes,Yes,continuous
CHEMBL2035032,NC1(c2ccc(-c3c(-c4ccccc4)ccc4ccnn34)cc2)CCC1,2.9,339.4420000000002,5.006200000000002,1,3,43.31999999999999,3,26,0.36407775,0.63592225,Yes,No,Yes,Yes,Yes,No,continuous
CHEMBL1199988,Nc1ncc(-c2cnn(C3CCNCC3)c2)cc1-c1nc2ccccc2o1,1.85,360.42100000000005,3.2600000000000016,2,7,94.78999999999999,3,27,0.272659,0.727341,Yes,Yes,Yes,Yes,Yes,Yes,continuous
CHEMBL237891,Cn1c(N)nc(CCc2ccc3cc[nH]c3c2)cc1=O,2.1,268.32000000000005,1.6289999999999998,2,4,76.7,3,20,0.41801095,0.58198905,Yes,Yes,Yes,Yes,Yes,Yes,continuous
CHEMBL222519,NS(=O)(=O)c1cccc2c1c([N+](=O)[O-])cc1nc(O)c(O)nc12,0.36,336.285,0.7497999999999998,3,8,169.54000000000002,2,23,0.7487825,0.25121748,No,Yes,Yes,No,No,No,continuous
CHEMBL277474,Cc1cc(=O)n(-c2ccccc2)n1C,0.11,188.23000000000002,1.4844199999999999,0,3,26.93,1,14,0.5090158,0.4909842,Yes,Yes,No,Yes,Yes,No,continuous
CHEMBL2206790,COCC[C@H](Oc1ncnc2c1cnn2-c1ccccc1Cl)C(=O)Nc1ccc(C)cn1,3.6,452.9020000000001,3.594920000000002,1,8,104.05,8,32,0.26925212,0.7307479,Yes,Yes,Yes,Yes,Yes,Yes,continuous
CHEMBL565079,Cc1cccc(C[C@H](NC(=O)c2cc(C(C)(C)C)nn2C)C(=O)NCC#N)c1,3.1,381.48000000000013,2.0069,2,5,99.81,6,28,0.31433713,0.68566287,Yes,Yes,Yes,Yes,Yes,Yes,continuous
CHEMBL2177159,COCCNS(=O)(=O)c1ccc(-c2cnc(N)c(C(=O)Nc3cccnc3)n2)cc1,2.26,428.4740000000001,1.297799999999999,3,8,149.19,8,30,0.3287484,0.6712516,Yes,Yes,Yes,No,No,Yes,continuous
CHEMBL1835919,Nc1ncnc2c1C(=O)N(c1ccc([C@H]3CC[C@H](CC(=O)O)CC3)cc1)CCO2,-0.5,396.4470000000002,2.8465000000000016,2,6,118.64000000000001,4,29,0.5481129,0.45188707,Yes,Yes,Yes,Yes,Yes,Yes,continuous
CHEMBL162203,Cc1cccc(-c2nc3cc(Cl)ccc3[nH]2)n1,4.1,243.69700000000003,3.5867200000000015,1,2,41.57,1,17,0.33248037,0.6675196,Yes,Yes,No,Yes,Yes,Yes,continuous
CHEMBL224769,Cc1ccc([N+](=O)[O-])cc1S(=O)(=O)n1ccc(-c2c(C)nc3ccc(Br)cn23)n1,3.52,476.3120000000001,3.7223400000000026,0,8,112.4,4,29,0.6210485,0.3789515,Yes,Yes,Yes,Yes,Yes,Yes,continuous
CHEMBL7568,CCN(CC)CCCC(C)Nc1c2ccc(Cl)cc2nc2ccc(OC)cc12,2.17,399.9660000000002,5.972400000000006,1,4,37.39,9,28,0.41354996,0.58645004,No,No,No,Yes,No,No,continuous
CHEMBL109205,CC(C)[C@@H](CN1CCCCC1)N(C)C(=O)Cc1ccc(Cl)c(Cl)c1,2.87,371.3520000000001,4.504800000000004,0,2,23.55,6,24,0.25407624,0.74592376,Yes,Yes,Yes,Yes,Yes,Yes,continuous
CHEMBL207235,COc1cc2ncnc(Nc3cccc(Cl)c3F)c2cc1CN1C[C@H](OC)C[C@@H]1C(N)=O,3.09,459.90900000000033,3.249100000000001,2,7,102.6,7,32,0.18079454,0.81920546,Yes,Yes,Yes,Yes,Yes,Yes,continuous
CHEMBL2164744,COc1ccc2ncc(=O)n(CCN3CC[C@H](NCc4cc5c(cn4)OCCO5)[C@H](O)C3)c2c1,0.77,467.5260000000003,0.7963,2,10,110.97000000000001,7,34,0.75816935,0.24183065,Yes,Yes,Yes,Yes,Yes,Yes,continuous
CHEMBL1372682,O=C(CC12CC3CC(CC(C3)C1)C2)Nc1cccc2ncccc12,3.83,320.43600000000004,4.779800000000004,1,2,41.99,3,24,0.24413306,0.75586694,Yes,Yes,Yes,Yes,Yes,Yes,continuous
CHEMBL896,OCCOCCN1CCN(C(c2ccccc2)c2ccc(Cl)cc2)CC1,3.08,374.91200000000015,3.055900000000001,1,4,35.940000000000005,8,26,0.31583554,0.68416446,Yes,Yes,Yes,Yes,Yes,Yes,continuous
CHEMBL301928,COc1cc(C(=O)O)ccc1Cc1cn(C)c2ccc(NC(=O)CC3CCCC3)cc12,2.0,420.5090000000003,4.994700000000004,2,4,80.56,7,31,0.69942856,0.30057147,Yes,Yes,Yes,Yes,Yes,Yes,continuous
CHEMBL1940316,O=C(NC1CCS(=O)(=O)C1)c1ccc(Oc2ccc(C#C[C@]3(O)CN4CCC3CC4)cc2)cc1,1.64,480.58600000000035,2.2039999999999997,2,6,95.94,4,34,0.5830893,0.4169107,Yes,Yes,No,Yes,Yes,Yes,continuous
CHEMBL403812,Nc1ccccc1NC(=O)c1ccc(-c2ncc(CN3CCC3)cc2F)cc1,1.69,376.4350000000001,3.927900000000003,2,4,71.24999999999999,5,28,0.59716344,0.40283656,Yes,Yes,Yes,Yes,Yes,Yes,continuous
CHEMBL2036758,CC(C)N1CCC[C@@H](CN2CCN(C(=O)Nc3ccc(Cl)c(Cl)c3)CC2)C1,1.62,413.39300000000014,4.263300000000004,1,3,38.82,4,27,0.23757839,0.7624216,Yes,Yes,Yes,Yes,Yes,Yes,continuous
CHEMBL1650273,Nc1nc(-c2ccc(Cl)cc2)cs1,3.31,210.689,3.0457,1,3,38.91,1,13,0.2657478,0.7342522,Yes,Yes,No,Yes,Yes,Yes,continuous
CHEMBL2153177,CCCSc1ncccc1C(=O)N(C)C1CCOCC1,1.63,294.4200000000001,2.8347000000000016,0,4,42.43000000000001,5,20,0.31391716,0.68608284,Yes,Yes,Yes,Yes,Yes,Yes,continuous
CHEMBL2179272,CC[C@@H](c1ccc(C(=O)O)c(Oc2cccc(Cl)c2)c1)N1CCC[C@H](n2cc(C)c(=O)[nH]c2=O)C1,0.22,497.9790000000003,4.7771200000000045,2,6,104.63,7,35,0.79239523,0.2076048,Yes,Yes,No,Yes,Yes,Yes,continuous
CHEMBL2335884,c1cc(-c2ccc3nc(Nc4ccc(OCCN5CCCC5)cc4)ncc3c2)ccn1,2.66,411.5090000000001,4.910000000000003,1,6,63.17000000000001,7,31,0.25752395,0.74247605,Yes,Yes,Yes,Yes,Yes,Yes,continuous
CHEMBL178457,Cc1c(-c2ccc3c(c2)OCO3)c(=O)n(C[C@H](N)c2ccccc2)c(=O)n1Cc1c(F)cccc1F,2.67,491.49400000000014,3.7406200000000016,1,7,88.48000000000002,6,36,0.27745706,0.72254294,Yes,Yes,No,Yes,Yes,Yes,continuous
CHEMBL637,COc1ccc(C(CN(C)C)C2(O)CCCCC2)cc1,0.99,277.4079999999999,3.0356000000000014,1,3,32.7,5,20,0.435009,0.564991,Yes,Yes,Yes,Yes,Yes,Yes,continuous
CHEMBL494505,CCC(=O)N1CCN(C(=O)c2cc(Cc3n[nH]c(=O)c4ccccc34)ccc2F)CC1,1.22,422.4600000000002,2.3473999999999995,1,4,86.37,4,31,0.630239,0.36976096,Yes,Yes,Yes,Yes,Yes,Yes,continuous
CHEMBL1807871,O=c1[nH]c2c(O)ccc([C@@H](O)CNCCCSCCNCCc3cccc(Cl)c3Cl)c2s1,1.74,516.5160000000002,4.180600000000003,5,7,97.38000000000001,13,32,0.50863653,0.49136347,No,No,No,No,Yes,Yes,continuous
CHEMBL1868114,COCCNc1nc(NCc2ccccc2F)c2sccc2n1,3.4,332.404,3.5008000000000017,2,6,59.07,7,23,0.14603776,0.85396224,Yes,Yes,Yes,Yes,Yes,Yes,continuous
CHEMBL216749,COc1cc2c(NC(=O)Nc3c(Cl)cccc3Cl)ncnc2cc1OCC1CCN(C)CC1,2.7,490.39100000000036,5.3098000000000045,2,6,88.61,6,33,0.26317793,0.73682207,No,No,No,Yes,Yes,No,continuous
CHEMBL1917423,Cc1c(Sc2ccc(Cl)cc2)c2cccc(Cl)c2n1CC(=O)O,2.0,366.2690000000001,5.492320000000004,1,3,42.230000000000004,4,23,0.7250525,0.27494752,Yes,No,Yes,Yes,Yes,No,continuous
CHEMBL317629,CN(C)CC(O)COc1ccc(Nc2nccc(Nc3cccc(Cl)c3)n2)cc1,2.5,413.90900000000005,3.9185000000000016,3,7,82.54,9,29,0.32051724,0.67948276,Yes,Yes,Yes,Yes,Yes,Yes,continuous
CHEMBL329672,Clc1cccc(Nc2ncnc3ccccc23)c1,3.9,255.708,4.0268000000000015,1,3,37.81,2,18,0.15045106,0.84954894,Yes,Yes,No,Yes,Yes,Yes,continuous
CHEMBL475865,Cc1ccc(NC(=O)c2ccc(Cl)c(C(F)(F)F)c2)cc1C(=O)Nc1cccnc1,2.83,433.8170000000001,5.5668200000000025,2,3,71.09,4,30,0.1445049,0.8554951,Yes,No,Yes,Yes,Yes,No,continuous
CHEMBL470897,CCC(C)Nc1nc(C#N)nc(N2CCOCC2)c1N,2.8,276.344,0.9774799999999999,2,7,100.09,4,20,0.66865265,0.33134738,Yes,Yes,Yes,Yes,Yes,Yes,continuous
CHEMBL2011928,COc1ccc(-c2nc3c(NCCCNC(C)=O)c(Br)cnc3[nH]2)cc1,3.28,418.295,3.334100000000001,3,5,91.93,7,26,0.44361538,0.5563846,Yes,Yes,Yes,Yes,Yes,Yes,continuous
CHEMBL2334575,Cc1ccn2c(-c3ccnc(N)n3)c(C)nc2c1,2.39,239.28199999999998,1.9903399999999998,1,5,69.1,1,18,0.54267716,0.4573228,Yes,Yes,No,Yes,Yes,Yes,continuous
CHEMBL1951011,Cc1c(Oc2ccc(S(C)(=O)=O)cc2F)ncnc1OC1CCN(C(=O)OC(C)C)CC1,3.7,467.51900000000035,3.5081200000000026,0,8,107.92,6,32,0.17824107,0.8217589,Yes,Yes,Yes,Yes,Yes,Yes,continuous
CHEMBL2171043,O=C(NS(=O)(=O)c1cccc(Cl)c1)N1CCC(N2CCC(Oc3ccc(Cl)c(Cl)c3)CC2)CC1,2.62,546.9040000000001,5.0529000000000055,1,5,78.95,5,34,0.47584617,0.5241538,No,No,No,Yes,Yes,No,continuous
CHEMBL2018969,COc1cccc2c1c(NS(=O)(=O)c1ccc(Cl)s1)nn2Cc1cccc(CNC(=O)C(C)(C)O)c1,2.09,549.0740000000003,3.996000000000002,3,8,122.55,9,36,0.46240336,0.53759664,Yes,No,No,Yes,Yes,Yes,continuous
CHEMBL1946029,CN(C)C(=O)c1ccc(C(=C2CCN(Cc3cscn3)CC2)c2cccc3cccnc23)cc1,2.3,468.62600000000015,5.491000000000006,0,5,49.330000000000005,5,34,0.3635804,0.6364196,Yes,No,Yes,Yes,Yes,No,continuous
CHEMBL13976,Cc1[nH]c(/C=C2\C(=O)Nc3ccc(F)cc32)c(C)c1C(=O)NCCN(C)C,1.75,370.4280000000001,2.5547400000000007,3,3,77.22999999999999,5,27,0.42363286,0.57636714,Yes,Yes,Yes,Yes,Yes,Yes,continuous
CHEMBL250124,COc1ccc2c(C)cc(N[C@H]3CCC[C@H](NCc4cccc(OC(F)(F)F)c4)C3)nc2c1,3.61,459.5120000000001,5.963320000000006,2,5,55.41,7,33,0.18462294,0.81537706,No,No,No,Yes,No,No,continuous
CHEMBL2036577,CC(=O)N1CCN(c2ccc(NC(=O)c3nnc(Nc4ccccc4F)o3)cc2)CC1,2.51,424.43600000000015,2.873100000000001,2,7,103.60000000000001,5,31,0.2147969,0.7852031,Yes,Yes,Yes,Yes,Yes,Yes,continuous
CHEMBL283334,O=c1c(-c2ccc(F)cc2)coc2cc(O)cc(O)c12,3.6,272.231,3.0103000000000013,2,4,70.67,1,20,0.23394293,0.7660571,Yes,Yes,Yes,Yes,Yes,Yes,continuous
CHEMBL2178385,NC(=O)c1cncc(-c2ccc([C@H]3CC[C@H](CC(=O)O)CC3)cc2)c1,0.22,338.40700000000004,3.596000000000002,2,3,93.28000000000002,5,25,0.78396285,0.21603717,Yes,Yes,Yes,Yes,Yes,Yes,continuous
CHEMBL1917450,Cc1c(S(=O)(=O)c2ccc(Cl)cc2)c2c(NS(C)(=O)=O)cccc2n1CC(=O)O,-0.83,456.9290000000002,2.8920199999999996,2,6,122.54,6,29,1.0037724,-0.0037723344,Yes,Yes,Yes,Yes,Yes,Yes,continuous
CHEMBL380936,Nc1nc(NCc2ccccc2)nc2c1nc(O)n2Cc1ccccc1,3.69,346.39400000000006,2.7745000000000006,3,7,101.88,5,26,0.44097257,0.55902743,Yes,Yes,Yes,Yes,Yes,Yes,continuous
CHEMBL550436,C[C@H](CO)n1ccc2c(NC(=O)Cc3ccc(Cl)c(C(F)(F)F)c3)cccc2c1=O,3.49,438.8330000000001,4.4082000000000034,2,4,71.33,5,30,0.124664605,0.8753354,Yes,Yes,Yes,Yes,Yes,Yes,continuous
CHEMBL2010851,CN(C(=O)Cc1ccc(S(C)(=O)=O)cc1)[C@@H]1CCN(Cc2ccc(C(F)(F)F)cc2)C[C@@H]1F,2.7,486.5310000000002,3.722400000000003,0,4,57.690000000000005,6,33,0.24618441,0.7538156,Yes,Yes,No,Yes,Yes,Yes,continuous
CHEMBL2335879,CN1CCCC1CCNC(=O)c1ccc(Nc2ncc3cc(-c4ccncc4)ccc3n2)cc1,2.01,452.5620000000002,4.649500000000003,2,6,83.04,7,34,0.34035933,0.65964067,Yes,Yes,Yes,Yes,Yes,Yes,continuous
CHEMBL578723,COc1ccc2nc3ccccc3c(N)c2c1,1.0,224.263,2.9788000000000006,1,3,48.14,1,17,0.29042417,0.70957583,Yes,Yes,No,Yes,Yes,Yes,continuous
CHEMBL71044,CN(C)CCCNS(=O)(=O)c1ccc(Nc2nccc(-c3cnc4ccccn34)n2)cc1,1.9,451.55600000000015,2.764900000000001,2,8,104.52000000000001,9,32,0.49268675,0.50731325,Yes,Yes,Yes,Yes,Yes,Yes,continuous
CHEMBL442956,O=C(O)C1Cc2c([nH]c3ccccc23)C(c2ccccc2)N1,0.78,292.338,2.856200000000001,3,2,65.11999999999999,2,22,0.37166232,0.6283377,Yes,Yes,Yes,Yes,Yes,Yes,continuous
CHEMBL1962616,N=C(N)NC(=O)c1nc(Cl)c(NCc2ccncc2)nc1N,-0.51,320.744,0.34256999999999993,5,7,155.69000000000003,4,22,0.9592137,0.04078632,No,Yes,Yes,No,No,No,continuous
CHEMBL416,COc1c2occc2cc2ccc(=O)oc12,1.97,216.19199999999995,2.5478000000000005,0,4,52.58,1,16,0.47641885,0.52358115,Yes,Yes,No,Yes,Yes,Yes,continuous
CHEMBL436381,CN1CCN(C(=O)c2cc3cc(F)ccc3[nH]2)CC1,1.97,261.3,1.6945999999999999,1,2,39.34,1,19,0.4334501,0.5665499,Yes,Yes,No,Yes,Yes,Yes,continuous
CHEMBL1945035,O=c1[nH]c2c(O)ccc([C@@H](O)CNCCc3ccccc3CNCCc3ccccc3F)c2s1,1.58,481.5930000000002,3.6323000000000016,5,6,97.38000000000001,11,34,0.7119299,0.28807008,Yes,Yes,No,No,Yes,Yes,continuous
CHEMBL2031158,O=C(N[C@@H](Cc1ccc(CCCCNc2ccccn2)cc1)C(=O)O)c1c(Cl)cccc1Cl,0.51,486.3990000000001,5.248900000000004,3,4,91.32000000000001,11,33,1.0524578,-0.05245783,No,No,No,No,Yes,No,continuous
CHEMBL1322390,COc1ccc2nc(NC(=O)CCc3ccc(OC)c(OC)c3)sc2c1,3.57,372.4460000000001,3.8934000000000024,1,6,69.68,7,26,0.3113529,0.6886471,Yes,Yes,Yes,Yes,Yes,Yes,continuous
CHEMBL111955,CC(C)C(NC(=O)Cn1c(-c2ccccc2)ccc(NS(C)(=O)=O)c1=O)C(=O)C(F)(F)F,1.77,473.4730000000002,2.159,2,6,114.34,8,32,0.612678,0.387322,Yes,Yes,Yes,Yes,Yes,Yes,continuous
CHEMBL267144,CC(C)[C@H]1C(=O)N[C@H](CO)Cc2ccccc2N1C,2.03,262.353,1.1805999999999994,2,3,52.57,2,19,0.5670353,0.43296465,Yes,Yes,No,Yes,Yes,Yes,continuous
CHEMBL380005,CCN(C(=O)Cc1ccc(S(C)(=O)=O)cc1)C1CCN(CC[C@@H](c2ccc(F)cc2)c2ccc(S(C)(=O)=O)cc2)CC1,1.88,614.8050000000002,4.710300000000005,0,6,91.83000000000001,11,42,0.23012686,0.76987314,No,No,No,No,Yes,No,continuous
CHEMBL1650732,Cc1cc(Nc2cc(N3CCOCC3)nc(N[C@@H](C)c3ncc(F)cn3)n2)n[nH]1,1.91,399.434,2.19052,3,9,116.77000000000001,6,29,0.39138204,0.60861796,Yes,Yes,Yes,Yes,Yes,Yes,continuous
CHEMBL1438072,O=S(=O)(Nc1cccnc1)c1ccccc1,0.84,234.28000000000003,1.8824,1,3,59.06,3,16,0.7155548,0.28444523,Yes,Yes,No,Yes,Yes,Yes,continuous
CHEMBL2036748,CN1CCCC(CN2CCN(C(=O)Nc3ccc(Cl)c(Cl)c3)CC2)C1,1.98,385.33900000000017,3.484700000000002,1,3,38.82,3,25,0.21307099,0.786929,Yes,Yes,Yes,Yes,Yes,Yes,continuous
CHEMBL2158829,O=C(O)COc1cccc(N2CCC(CN3CCC(Oc4ccc(Cl)c(Cl)c4)CC3)CC2)c1,1.99,493.43100000000027,5.216600000000006,1,5,62.24000000000001,8,33,0.6379503,0.36204973,No,No,No,Yes,Yes,No,continuous
CHEMBL1631095,NC(=O)c1cc(C(N)=O)n(-c2cccc(-c3cc(C(F)(F)F)ccc3C(F)(F)F)c2)n1,3.4,442.319,3.774700000000002,2,4,104.00000000000001,4,31,0.5663078,0.43369222,Yes,Yes,Yes,Yes,Yes,Yes,continuous
CHEMBL1078178,N#CCNC(=O)c1ccc(-c2ccnc(Nc3ccc(N4CCOCC4)cc3)n2)cc1,2.37,414.4690000000002,2.9771800000000015,2,7,103.17,6,31,0.32891315,0.67108685,Yes,Yes,Yes,Yes,Yes,Yes,continuous
CHEMBL478407,Cc1ncc(-c2ccnc(Nc3ccc(F)cc3)n2)n1C(C)C,3.62,311.36400000000003,4.112120000000003,1,5,55.63,4,23,0.21608019,0.7839198,Yes,Yes,Yes,Yes,Yes,Yes,continuous
CHEMBL154,COc1ccc2cc([C@H](C)C(=O)O)ccc2c1,0.13,230.26299999999998,3.036500000000001,1,2,46.53,3,17,0.87020373,0.12979628,Yes,Yes,No,Yes,Yes,Yes,continuous
CHEMBL1082812,N#Cc1c(-c2ccccc2)nc(SCCc2ccccc2)[nH]c1=O,1.71,333.41599999999994,3.6433800000000023,1,4,69.53999999999999,5,24,0.36380774,0.63619226,Yes,Yes,Yes,Yes,Yes,Yes,continuous
CHEMBL2046684,O=C(Nc1ccc(Cl)nc1)c1ccc(F)c(Cl)c1,3.64,285.105,3.7798000000000016,1,2,41.99,2,18,0.1953026,0.8046974,Yes,Yes,No,Yes,Yes,Yes,continuous
CHEMBL1783271,COc1ccc(OC)c(-c2c(F)ccc3c(N)c(C(=O)NC4CC4)nnc23)c1,3.47,382.3950000000001,2.927500000000001,2,6,99.36,5,28,0.17262644,0.82737356,Yes,Yes,Yes,Yes,Yes,Yes,continuous
CHEMBL1384203,CC(NCC(O)c1ccc([N+](=O)[O-])cc1)C12CC3CC(CC(C3)C1)C2,3.53,344.45500000000015,3.822700000000003,2,4,75.39999999999999,6,25,0.7625314,0.23746862,Yes,Yes,Yes,Yes,Yes,Yes,continuous
CHEMBL48082,Nc1nccc(-c2c[nH]c3ccccc23)n1,1.68,210.24,2.2070999999999996,2,3,67.59,1,16,0.74367374,0.25632626,Yes,Yes,No,Yes,Yes,Yes,continuous
CHEMBL381434,CC(C)COc1cc(OC(C)C)cc(C(=O)Nc2ccc(C(=O)O)cn2)c1,1.6,372.42100000000005,3.8541000000000025,2,5,97.75,8,27,0.59969825,0.40030175,Yes,Yes,Yes,Yes,Yes,Yes,continuous
CHEMBL1381233,O=C(Nc1ccncc1)c1cccc2ccccc12,3.1,248.285,3.4871000000000016,1,2,41.99,2,19,0.10189295,0.89810705,Yes,Yes,No,Yes,Yes,Yes,continuous
CHEMBL327502,COc1ccc(-n2sc3ccccc3c2=O)cc1,3.02,257.314,3.0608000000000013,0,4,31.23,2,18,0.42350107,0.5764989,Yes,Yes,No,Yes,Yes,Yes,continuous
CHEMBL1689133,C[C@H](Oc1ccc(Cl)cc1CN1CCN(C(=O)Cc2ccc(Cl)cc2)[C@@H](C)C1)C(=O)O,1.66,465.3770000000001,4.120700000000002,1,4,70.08,7,31,0.5360194,0.46398062,Yes,Yes,Yes,Yes,Yes,Yes,continuous
CHEMBL2086684,C[C@@H]1CN(C(=O)OC(C)(C)C)CCN1c1ncc(OCc2ccncc2C#N)cn1,3.33,410.4780000000001,2.767880000000001,0,8,104.47000000000001,4,30,0.28748894,0.71251106,Yes,Yes,Yes,Yes,Yes,Yes,continuous
CHEMBL2207226,COc1cc(OC)c(S(=O)(=O)N2c3ccccc3Oc3ccccc32)cc1NC(=O)Cc1ccnc(F)c1,3.37,535.5530000000003,5.051800000000004,1,7,107.06000000000002,7,38,0.5624989,0.43750104,No,No,No,Yes,Yes,No,continuous
CHEMBL2068839,Cc1ccc(COC(=O)N2CC[C@H](CNc3ncccn3)[C@H](F)C2)cc1,3.21,358.41700000000003,3.1937200000000017,1,5,67.35,5,26,0.17232907,0.82767093,Yes,Yes,Yes,Yes,Yes,Yes,continuous
CHEMBL379082,CCN(C(=O)Cc1ccc(S(C)(=O)=O)cc1)C1CCN(CC[C@H](c2ccc(S(C)(=O)=O)cc2)c2cccc(Cl)c2)CC1,2.37,631.2600000000002,5.224600000000006,0,6,91.83000000000001,11,42,0.34035146,0.65964854,No,No,No,No,Yes,No,continuous
CHEMBL1945299,COc1ccccc1CNCCc1cccc(CCNC[C@H](O)c2ccc(O)c3[nH]c(=O)sc23)c1,0.91,493.62900000000013,3.501800000000001,5,7,106.60999999999999,12,35,0.7631218,0.2368782,Yes,Yes,No,No,Yes,Yes,continuous
CHEMBL1289545,Cc1nc(C(=O)N2CCOC3(CCN(Cc4ccc(Cl)cc4)CC3)C2)cs1,2.17,405.95100000000014,3.6121200000000027,0,5,45.67000000000001,3,27,0.2743634,0.7256366,Yes,Yes,Yes,Yes,Yes,Yes,continuous
CHEMBL585,Nc1nc(N)c2nc(-c3ccccc3)c(N)nc2n1,1.16,253.26900000000003,0.8334000000000001,3,7,129.62,1,19,0.46215558,0.5378444,Yes,Yes,No,Yes,Yes,Yes,continuous
CHEMBL1682945,CC[C@H](NC(=O)c1c(CC[S+](C)[O-])c(-c2ccccc2)nc2ccccc12)c1ccccc1,3.15,456.6110000000001,5.703900000000005,1,3,65.05,8,33,0.07878047,0.9212195,No,No,No,Yes,Yes,No,continuous
CHEMBL1164184,O=C(Nc1ncc(F)s1)C(CC1CCOCC1)c1ccc(S(=O)(=O)C2CC2)cc1,3.3,438.54600000000016,3.7573000000000025,1,6,85.35999999999999,7,29,0.2078014,0.7921986,Yes,Yes,Yes,Yes,Yes,Yes,continuous
CHEMBL1950842,CN[C@@H](C)C(=O)N[C@H](C(=O)N[C@H]1CCCN(CCc2ccccc2)C1)C(C)(C)C,1.46,402.58300000000014,1.9485000000000017,3,4,73.47,8,29,0.6771251,0.32287487,Yes,Yes,Yes,Yes,Yes,Yes,continuous
CHEMBL363462,COc1cc2ncnc(Nc3cc(NC(=O)c4ccnc(N5CCOCC5)c4)ccc3C)c2cc1OCCN(C(C)C)C(C)C,3.5,613.7630000000003,5.671920000000006,2,10,113.97000000000001,12,45,0.19070125,0.80929875,No,No,No,No,Yes,No,continuous
CHEMBL1945293,COCCNCc1ccc(CCNC[C@H](O)c2ccc(O)c3[nH]c(=O)sc23)cc1,-0.54,417.53100000000006,1.8968999999999998,5,7,106.60999999999999,11,29,0.9504124,0.049587615,Yes,Yes,Yes,No,Yes,Yes,continuous
CHEMBL1778641,CCS(=O)(=O)c1ccc(-c2cc(Cl)ccc2OCC(=O)O)cc1,-0.78,354.8110000000001,3.264000000000001,1,4,80.67,6,23,1.0245193,-0.024519322,Yes,Yes,Yes,Yes,Yes,Yes,continuous
CHEMBL306380,Cc1ccc(-c2nn(C(C)(C)C)c3ncnc(N)c23)cc1,4.1,281.363,3.1389200000000006,1,5,69.62,1,21,0.22193182,0.7780682,Yes,Yes,Yes,Yes,Yes,Yes,continuous
CHEMBL1829408,CCC(c1nc2ccsc2c(=O)n1Cc1ccccc1)N(CCCN)C(=O)c1ccc(C(C)C)cc1,2.72,502.6840000000003,5.572000000000005,1,6,81.22,10,36,0.5220661,0.4779339,No,No,No,Yes,Yes,No,continuous
CHEMBL2010835,CC(=O)Nc1ccc(CC(=O)N(C)C2CCN(Cc3ccc(C(F)(F)F)cc3)CC2)cc1,2.9,447.5010000000001,4.3293000000000035,1,3,52.650000000000006,6,32,0.17772847,0.8222715,Yes,Yes,Yes,Yes,Yes,Yes,continuous
CHEMBL1775179,CC(C)OC(=O)N1CCC(Oc2ncnc3c2cnn3-c2ccc(S(C)(=O)=O)cc2F)CC1,3.0,477.51800000000026,2.7463000000000015,0,9,116.50999999999999,5,33,0.24997807,0.75002193,Yes,Yes,Yes,Yes,Yes,Yes,continuous
CHEMBL480208,CC1(C)[C@@H]2CC[C@@]1(CS(=O)(=O)N1CCN(c3ccc(C#N)cn3)CC1)C(=O)C2,2.46,402.5200000000002,1.8004799999999999,0,6,94.37,4,28,0.41012412,0.5898759,Yes,Yes,Yes,Yes,Yes,Yes,continuous
CHEMBL1773254,O=C(O)CCc1ccc(OCc2cccc(Br)c2)cc1,1.67,335.197,4.045300000000003,1,2,46.53,6,20,0.39602715,0.60397285,Yes,Yes,Yes,Yes,Yes,Yes,continuous
CHEMBL1184584,N=C(N)Nc1ccc(C(=O)Oc2ccc(Cl)cc2)cc1,0.7,289.722,2.8645700000000014,3,3,88.2,3,20,0.8186122,0.18138775,Yes,Yes,Yes,Yes,Yes,Yes,continuous
CHEMBL1604571,CCOC(=O)C(CCc1ccccc1)NC1CCc2ccccc2N(CC(=O)O)C1=O,-0.2,424.49700000000024,2.5731,2,5,95.94,9,31,0.7112553,0.28874472,Yes,Yes,Yes,Yes,Yes,Yes,continuous
CHEMBL115022,CC(=O)Nc1ccc2nc(-c3cccc(F)c3)cc(O)c2c1,2.41,296.301,3.704900000000001,2,3,62.22,2,22,0.37844145,0.62155855,Yes,Yes,Yes,Yes,Yes,Yes,continuous
CHEMBL1364,Cc1ncc(CO)c(CO)c1O,-0.58,169.18,0.08021999999999985,3,4,73.58000000000001,2,12,0.6893716,0.31062838,Yes,Yes,No,Yes,Yes,No,continuous
CHEMBL1946017,CCN(CC)C(=O)c1ccc(C(=C2CCN(Cc3ccc(F)cc3)CC2)c2cccnc2)cc1,3.65,457.59300000000013,5.8006000000000055,0,3,36.440000000000005,7,34,0.18023223,0.8197678,No,No,No,Yes,Yes,No,continuous
